StartDate,EndDate,Status,Progress,Duration (in seconds),Finished,RecordedDate,ResponseId,DistributionChannel,UserLanguage,Q_RecaptchaScore,Text / Graphic,q1.1,q1.2,q1.3,q1.3_3_TEXT,q1.4,q1.4_8_TEXT,q1.5,q1.6,q1.7,q1.7_9_TEXT,q1.8,q1.8_12_TEXT,q1.9,q1.10,q1.10_17_TEXT,q2.1,q2.1_6_TEXT,q2.1_8_TEXT,q2.1_10_TEXT,q2.2,q2.3,q2.4,q2.4_6_TEXT,q2.5_1,q2.5_2,q2.5_3,q2.5_4,q3.1,q3.1_1_TEXT,q3.2.1_1,q3.2.1_2,q3.2.1_3,q3.2.1_4,q3.2.2_1,q3.2.2_2,q4.1,q4.2,q4.2_9_TEXT,q4.3,q4.4,q4.5,q4.6.1_1,q4.6.1_2,q4.6.1_3,q4.6.1_4,q4.6.1_5,q4.6.1_6,q4.6.1_7,q4.6.2_1,q4.6.2_2,q4.6.2_3,q4.6.2_4,q4.6.2_5,q4.6.2_6,q4.7,q5.1_1,q5.1_2,q5.1_3,q5.1_4,q5.2,q5.2_11_TEXT,q5.3,q5.3_7_TEXT
Start Date,End Date,Response Type,Progress,Duration (in seconds),Finished,Recorded Date,Response ID,Distribution Channel,User Language,Q_RecaptchaScore,Text / Graphic introduction,"Section 1: You and your farm


Region",How old are you?,Gender - Selected Choice,Gender - Other: - Text,What is your highest level of educational attainment? - Selected Choice,What is your highest level of educational attainment? - Other: - Text,What is your yearly household income after tax?,What is the size of your farm in hectares?,"Regarding your farm, which best describes your situation: - Selected Choice","Regarding your farm, which best describes your situation: - Other: - Text",What are the main activities in your farm? Select all that apply. - Selected Choice,What are the main activities in your farm? Select all that apply. - Other: - Text,What percentage of your household income comes from activities other than farming (excluding subsidies)?,"In the last five years, have you received funding from any of the following Environmental Land Management Schemes (ELMS) or private sector? Select all that apply: - Selected Choice","In the last five years, have you received funding from any of the following Environmental Land Management Schemes (ELMS) or private sector? Select all that apply: - Other: - Text","Section 2: Your Experience with Weather Changes


In the past 5 years, has your farm experienced any of the following events? Select all that apply. - Selected Choice","Section 2: Your Experience with Weather Changes


In the past 5 years, has your farm experienced any of the following events? Select all that apply. - Disease: - Text","Section 2: Your Experience with Weather Changes


In the past 5 years, has your farm experienced any of the following events? Select all that apply. - Pests: - Text","Section 2: Your Experience with Weather Changes


In the past 5 years, has your farm experienced any of the following events? Select all that apply. - Other: - Text","On average, how often has your farm experienced these events in the last five years?",How severely would you say these events affected your farm’s productivity?,"Do you think these events (i.e. flood, drought, wildfire, etc) can be attributed to climate change? - Selected Choice","Do you think these events (i.e. flood, drought, wildfire, etc) can be attributed to climate change? - [Optional] Why or why not? - Text",Do you agree with the following statements? - Climate change poses risks to my farm’s yield in the present moment,Do you agree with the following statements? - Climate change poses risks to my farming business in the present moment,Do you agree with the following statements? - Climate change will pose risks to my farm’s yield in the future,Do you agree with the following statements? - Climate change will pose risks to my farming business in the future,"Section 3: Community partnerships
Does your farm belong to a community partnership (e.g. farmer cluster, catchment partnership, etc)? - Selected Choice","Section 3: Community partnerships
Does your farm belong to a community partnership (e.g. farmer cluster, catchment partnership, etc)? - Yes (If you wish, specify which kind of community partnership) - Text",Do you agree with the following statements? - Collaborating with other farmers and working at the landscape scale is important,Do you agree with the following statements? - Collaborating in projects with other farmers increases my farm’s productivity,Do you agree with the following statements? - My community partnership carries out nature positive activities,Do you agree with the following statements? - My community partnership carries out activities that increase my farm’s productivity,Do you agree with the following statements? - Collaborating with other farmers and working at the landscape scale is important,Do you agree with the following statements? - Collaborating in projects with other farmers increases my farm’s productivity,"Section 4: Your Perspectives on Nature-based Solutions


Nature-based Solutions in agriculture are defined by the Food and Agriculture Organization (FAO) as “natural processes relying on ecosystem functioning to ensure food and livelihood security, healthier diets and more inclusive rural economies”. They might involve protecting, sustainably managing or restoring ecosystems, amongst other practices. The following questions will aim to understand your perspectives on Nature-based Solutions.




Do you participate in the implementation of any Nature-based Solutions projects?",What projects do you implement? Select all that apply. - Selected Choice,What projects do you implement? Select all that apply. - Other: - Text,"In the next five years, on how much of your land would you consider adopting Nature-based Solutions that support existing production (e.g. hedgerows,  wildfire strips or mob grazing)?","In the next five years, on how much of your land would you consider adopting Nature-based Solutions that require changes to your production (e.g. agroforestry, or peatland restoration)?",Do any of your neighbours implement Nature-based Solutions?,Do you agree with the following statements? - Nature-based Solutions have higher costs than benefits,"Do you agree with the following statements? - Nature-based Solutions can help protect my farm against extreme weather events (e.g. flooding, drought, wildfire, etc)",Do you agree with the following statements? - Nature-based solutions can improve crop yield and farm productivity,Do you agree with the following statements? - The effects of Nature-based Solutions can be seen in the short term,Do you agree with the following statements? - Implementing Nature-based Solutions requires sacrificing some of my productive land,Do you agree with the following statements? - Nature-based Solutions have diversified my farm business,Do you agree with the following statements? - Nature-based Solutions are most effective when implemented in collaboration with other farmers at the landscape level,Do you agree with the following statements? - Nature-based Solutions have higher costs than benefits,"Do you agree with the following statements? - Nature-based Solutions can help protect my farm against extreme weather events (e.g. flooding, drought, wildfire, etc)",Do you agree with the following statements? - Nature-based solutions can improve crop yield and farm productivity,Do you agree with the following statements? - The effects of Nature-based Solutions can be seen in the short term,Do you agree with the following statements? - Implementing Nature-based Solutions requires sacrificing some of my productive land,Do you agree with the following statements? - Nature-based Solutions are most effective when implemented in collaboration with other farmers at the landscape level,"What do you consider are the benefits of Nature-based Solutions? (e.g. improved soil quality, improved water quality, premium price, sustainable future, etc.)",Do you agree with the following statements? - The UK government is promoting Nature-based Solutions,Do you agree with the following statements? - I have confidence in the UK government’s ability to support Nature-based Solutions in an effective way over the next 4 years,Do you agree with the following statements? - Environmental Land Management Schemes (ELMS) are successful in promoting Nature-based Solutions at the landscape level,Do you agree with the following statements? - Nature-based Solutions' uptake is adequately funded by the government,What do you think are barriers to implementing Nature-based Solutions? Select all that apply - Selected Choice,What do you think are barriers to implementing Nature-based Solutions? Select all that apply - Other: - Text,What do you think are additional barriers for implementing Nature-based Solutions at the landscape level? Select all that apply - Selected Choice,What do you think are additional barriers for implementing Nature-based Solutions at the landscape level? Select all that apply - Other: - Text
"{""ImportId"":""startDate"",""timeZone"":""America/Denver""}","{""ImportId"":""endDate"",""timeZone"":""America/Denver""}","{""ImportId"":""status""}","{""ImportId"":""progress""}","{""ImportId"":""duration""}","{""ImportId"":""finished""}","{""ImportId"":""recordedDate"",""timeZone"":""America/Denver""}","{""ImportId"":""_recordId""}","{""ImportId"":""distributionChannel""}","{""ImportId"":""userLanguage""}","{""ImportId"":""Q_RecaptchaScore""}","{""ImportId"":""QID1""}","{""ImportId"":""QID21""}","{""ImportId"":""QID30""}","{""ImportId"":""QID29""}","{""ImportId"":""QID29_3_TEXT""}","{""ImportId"":""QID31""}","{""ImportId"":""QID31_8_TEXT""}","{""ImportId"":""QID32""}","{""ImportId"":""QID22""}","{""ImportId"":""QID23""}","{""ImportId"":""QID23_9_TEXT""}","{""ImportId"":""QID24""}","{""ImportId"":""QID24_12_TEXT""}","{""ImportId"":""QID87""}","{""ImportId"":""QID25""}","{""ImportId"":""QID25_17_TEXT""}","{""ImportId"":""QID35""}","{""ImportId"":""QID35_6_TEXT""}","{""ImportId"":""QID35_8_TEXT""}","{""ImportId"":""QID35_10_TEXT""}","{""ImportId"":""QID69""}","{""ImportId"":""QID37""}","{""ImportId"":""QID38""}","{""ImportId"":""QID38_6_TEXT""}","{""ImportId"":""QID41_1""}","{""ImportId"":""QID41_2""}","{""ImportId"":""QID41_3""}","{""ImportId"":""QID41_4""}","{""ImportId"":""QID43""}","{""ImportId"":""QID43_1_TEXT""}","{""ImportId"":""QID45_1""}","{""ImportId"":""QID45_2""}","{""ImportId"":""QID45_3""}","{""ImportId"":""QID45_4""}","{""ImportId"":""QID65_1""}","{""ImportId"":""QID65_2""}","{""ImportId"":""QID49""}","{""ImportId"":""QID50""}","{""ImportId"":""QID50_9_TEXT""}","{""ImportId"":""QID74""}","{""ImportId"":""QID75""}","{""ImportId"":""QID51""}","{""ImportId"":""QID54_1""}","{""ImportId"":""QID54_2""}","{""ImportId"":""QID54_3""}","{""ImportId"":""QID54_4""}","{""ImportId"":""QID54_5""}","{""ImportId"":""QID54_6""}","{""ImportId"":""QID54_7""}","{""ImportId"":""QID66_1""}","{""ImportId"":""QID66_2""}","{""ImportId"":""QID66_3""}","{""ImportId"":""QID66_4""}","{""ImportId"":""QID66_5""}","{""ImportId"":""QID66_7""}","{""ImportId"":""QID56_TEXT""}","{""ImportId"":""QID57_4""}","{""ImportId"":""QID57_5""}","{""ImportId"":""QID57_6""}","{""ImportId"":""QID57_7""}","{""ImportId"":""QID58""}","{""ImportId"":""QID58_11_TEXT""}","{""ImportId"":""QID59""}","{""ImportId"":""QID59_7_TEXT""}"
03/06/2025 02:05,03/06/2025 02:21,IP Address,100,975,TRUE,03/06/2025 02:21,R_8rkdtNtTzTHfMRy,anonymous,EN,1,I have read and understood the information provided and I agree to take part in this research project,Northern Ireland,25 to 34,Man,,"Higher education – undergraduate level (e.g. BA, BSc) ",,"£20,000 to £50,000",5 to 20 ha.,Farming landowner ,,Lowland grazing livestock,,> 60%,Other:,none,Disease:,TB,,,Once in the last five years,Somewhat affected,Not at all caused by climate change,,To some extent,No,To some extent,To some extent,No,,,,,,1 - Disagree,1 - Disagree,No,,,Less than 1%,Less than 1%,I don't know,,,,,,,,3- Agree,1- Disagree,1- Disagree,1- Disagree,3- Agree,1- Disagree,no significant benefits ,3 - Agree,1- Disagree,1- Disagree,1- Disagree,Other:,on farm i see no benefit in implementing nature based systems or solutions ,No barriers at the landscape level,
03/06/2025 02:18,03/06/2025 02:31,IP Address,100,779,TRUE,03/06/2025 02:31,R_2BSfFfNlBHoEmsc,anonymous,EN,1,I have read and understood the information provided and I agree to take part in this research project,Yorkshire and Humber,35 to 44,Man,,"Higher education – undergraduate level (e.g. BA, BSc) ",,"£50,000 to £100,000",>250 ha,Farm worker,,"Cereals,Dairy,Lowland grazing livestock,Mixed",,> 60%,"Country Stewardships (CS) ,Capital Items,England Woodland Creation Offer (EWCO)",,"Flood ,Drought ,Disease:,Pests:",ash dieback in woodlands,Cabbage stem flea beetle on oil seed rape (now stopped growing it),,Once a year,Somewhat affected,Mainly caused by climate change,,Very much,Very much,Very much,Very much,"Yes (If you wish, specify which kind of community partnership)","Dearne Valley Farmers cluster group (funding now ended so no longer formally exists, we couldn't find funding to continue)",3 - Agree,2 - Neither agree nor disagree,3 - Agree,2 - Neither agree nor disagree,,,"Yes – Individually, on my farm","Wetland restoration,Grassland restoration,Hedgerows,Wildflower strips,Habitat creation",,1-5%,Less than 1%,Yes,2- Neither agree nor disagree,3- Agree,3- Agree,2- Neither agree nor disagree,3- Agree,1- Disagree,3- Agree,,,,,,,"We're big on hedgerow management (including planting new hedgerows) and planting woodland shelter belts.  This is largely motivated by our desire to increase sequestration to balance our operational farm emissions, and to provide shade and shelter in the future for our cows to mitigate milk yield loss in extreme weather.",1- Disagree,1- Disagree,1- Disagree,1- Disagree,"Limited time,Land use conflicts with food production,Policy uncertainty,Other:","The current government are clear a set of urban people with no knowledge of the natural world, and no interest in learning about it.  They are systematically dismantling nature protections, and their nature recovery and net zero strategy lies in tatters if they fully remove environmental incentives to farmers, who manage over 70% of the UK landscape.  We have no SFI to entter into, capital grants have been suspended, BNG is being watered down, all at a time when the prices paid to farmers by supermarkets and big food make it very difficult to make a living.  I used to be optimistic about the future of nature friendly farming, but the farmers I speak to now are pulling out environmental areas and intensifying production, as they no longer trust policy and see this as the only way to make a living.  Not many jacuzzis and champagne bars on the farms I visit, so it's sad that the govt seems to see farmers as multimillionaires who need little or no support","Funding for collaborative action,Landscape benefits don’t benefit my farm business,Unequal contribution of resources from landscape-level partners",
03/06/2025 02:30,03/06/2025 02:43,IP Address,100,767,TRUE,03/06/2025 02:43,R_2JzMvljx6G1HsaZ,anonymous,EN,1,I have read and understood the information provided and I agree to take part in this research project,Scotland,55 to 64,Woman,,"Higher education – undergraduate level (e.g. BA, BSc) ",,"£50,000 to £100,000",< 5 ha.,Non-Farming landowner ,,Mixed,,> 60%,Other private company,,Drought ,,,,Once every 2-3 years,Severely affected,Not at all caused by climate change,Climate Change is an excuse . The climate has changed for cents and this entire net zero is purely a way of making ordinary people poorer and alleged scientists ( who are piggy backing on opportunistic situations) richer. Farcical nonsense. ,No,No,No,No,No,,,,,,3 - Agree,2 - Neither agree nor disagree,"Yes – Individually, on my farm","Agroforestry ,Wildflower strips,Habitat creation",,1-5%,Less than 1%,Yes,3- Agree,3- Agree,2- Neither agree nor disagree,2- Neither agree nor disagree,2- Neither agree nor disagree,2- Neither agree nor disagree,2- Neither agree nor disagree,,,,,,,We have been doing this stuff for years until policy makers suddenly dreamt up regulations to stop us doing sedimentation management in rivers and creating schemes to stop us including gorse in our Single Farm Payment plans; penalising us for having non pure fart soft features . Policy makers are generally clueless suits and should leave farmers to farm the country’s properly. Reason there are more wildfires are due to policy makers making livestock production too onerous so grass is no longer green and grazed. Rewilding encourages wildfires  too. When will people wake up and understand? Govts are causing the problems they are now trying ( Failing) to resolve! ,2- Neither agree nor disagree,1- Disagree,1- Disagree,1- Disagree,"Implementation costs,Maintenance costs,Limited time,Data availability - unclear on the benefits,Land use conflicts with food production,Policy uncertainty,Planning constraints",,"Funding for collaborative action,Landscape benefits don’t benefit my farm business,Unequal contribution of resources from landscape-level partners",
03/06/2025 02:47,03/06/2025 02:54,IP Address,100,385,TRUE,03/06/2025 02:54,R_2TIRz3B2vim7qLv,anonymous,EN,1,I have read and understood the information provided and I agree to take part in this research project,Scotland,35 to 44,Woman,,"Higher education – postgraduate level (e.g. MA, MSc, PhD) ",,"£50,000 to £100,000",>250 ha,Other:,"Farm partnership, land owned by other partner, we deliver the farming activity. ",LFA grazing livestock,,40% to 50%,Other:,no because there are all England only - shame you didn't account for the fact Scotland and Wales have DEVOLVED agriculture policy. ,Flood ,,,,Once a year,Somewhat affected,Partly caused by climate change,"Frequency and intensity has increased, linked to a changing climate",No,To some extent,To some extent,No,"Yes (If you wish, specify which kind of community partnership)",,3 - Agree,1 - Disagree,3 - Agree,1 - Disagree,,,"Yes – Individually, on my farm,Yes – In collaboration, at the landscape level","River restoration,Forest creation,Wetland restoration,Peatland restoration,Mob grazing,Agroforestry ,Hedgerows,Wildflower strips,Habitat creation",,Greater than 25%,Greater than 25%,No,1- Disagree,3- Agree,3- Agree,3- Agree,1- Disagree,2- Neither agree nor disagree,2- Neither agree nor disagree,,,,,,,"Improved soil health, resilience to changing weather, increased adaptive capacity. Water holding potential. ",2- Neither agree nor disagree,1- Disagree,2- Neither agree nor disagree,1- Disagree,"Access to knowledge on implementation,Other:",Why are you asking for input from devolved nations and then only asking about UK Gov?! ,Unequal contribution of resources from landscape-level partners,
03/06/2025 02:55,03/06/2025 03:03,IP Address,100,471,TRUE,03/06/2025 03:03,R_2ePEy2cNSNRFcbi,anonymous,EN,0.8999999761581421,I have read and understood the information provided and I agree to take part in this research project,Scotland,55 to 64,Man,,GCSE or A-levels,,"£20,000 to £50,000",100-250 ha.,Farming landowner ,,"Cereals,LFA grazing livestock",,< 10%,Other:,N0,None,,,,,,Not at all caused by climate change,,No,No,No,No,No,,,,,,1 - Disagree,1 - Disagree,No,,,Less than 1%,Less than 1%,I don't know,,,,,,,,3- Agree,1- Disagree,1- Disagree,1- Disagree,3- Agree,1- Disagree,None,3 - Agree,1- Disagree,1- Disagree,1- Disagree,Policy uncertainty,,Funding for collaborative action,
03/06/2025 03:24,03/06/2025 03:48,IP Address,100,1454,TRUE,03/06/2025 03:48,R_88Mz9E4jdOeqWzR,anonymous,EN,1,I have read and understood the information provided and I agree to take part in this research project,East Anglia,55 to 64,Man,,"Higher education – postgraduate level (e.g. MA, MSc, PhD) ",,"£50,000 to £100,000",50 to 100 ha.,Farming landowner ,,"Cereals,Cropping: Horticulture,Lowland grazing livestock,Other:",,50% to 60%,"Sustainable Farming Incentives (SFI),Capital Items,Farming in Protected Landscapes programme (FiPL),Other:",,"Drought ,Other:",,,Crop stress,Once a year,Somewhat affected,Mainly caused by climate change,,Very much,Very much,Very much,Very much,"Yes (If you wish, specify which kind of community partnership)",Farmer Cluster,3 - Agree,2 - Neither agree nor disagree,2 - Neither agree nor disagree,1 - Disagree,,,No,,,5-10%,1-5%,No,,,,,,,,2- Neither agree nor disagree,2- Neither agree nor disagree,2- Neither agree nor disagree,2- Neither agree nor disagree,2- Neither agree nor disagree,2- Neither agree nor disagree,I don't know,2- Neither agree nor disagree,1- Disagree,2- Neither agree nor disagree,1- Disagree,"Access to knowledge on implementation,Implementation costs,Policy uncertainty,Tenancy constraints",,Other:,Constant changes in government policy and support
03/06/2025 03:53,03/06/2025 04:01,IP Address,100,511,TRUE,03/06/2025 04:01,R_8pRWkYZGG2O0Twq,anonymous,EN,0.8999999761581421,I have read and understood the information provided and I agree to take part in this research project,Scotland,65 to 74,Man,,Other:,Left school at 15 built business with 50 million turnover ,"> £200,000",>250 ha,Farming landowner ,,"Cereals,Lowland grazing livestock,Specialist poultry",,< 10%,Country Stewardships (CS) ,,None,,,,,,Partly caused by climate change,,No,No,To some extent,To some extent,No,,,,,,3 - Agree,2 - Neither agree nor disagree,"Yes – Individually, on my farm","Forest creation,Agroforestry ,Wildflower strips,Habitat creation",,Less than 1%,Less than 1%,I don't know,3- Agree,3- Agree,1- Disagree,1- Disagree,3- Agree,1- Disagree,2- Neither agree nor disagree,,,,,,,Good to see more wildlife on the farm ,2- Neither agree nor disagree,1- Disagree,2- Neither agree nor disagree,1- Disagree,"Implementation costs,Maintenance costs,Land use conflicts with food production,Policy uncertainty",,"Funding for collaborative action,Landscape benefits don’t benefit my farm business",
03/06/2025 04:05,03/06/2025 04:28,IP Address,100,1407,TRUE,03/06/2025 04:28,R_2LdtQFOuJSMPu4y,anonymous,EN,1,I have read and understood the information provided and I agree to take part in this research project,Scotland,65 to 74,Man,,"Further education – college course, diploma, trade training, etc.",,"< £10,000",100-250 ha.,"Farming landowner ,Farm business tenancy (FBT)",,"Cereals,LFA grazing livestock,Mixed",,20% to 30%,Adding Value grants,,Drought ,,,,Once in the last five years,Somewhat affected,Partly caused by climate change,,No,No,To some extent,To some extent,No,,,,,,2 - Neither agree nor disagree,2 - Neither agree nor disagree,No,,,Less than 1%,Less than 1%,I don't know,,,,,,,,2- Neither agree nor disagree,2- Neither agree nor disagree,2- Neither agree nor disagree,2- Neither agree nor disagree,3- Agree,2- Neither agree nor disagree,Shelter for animals and biodiversity.,3 - Agree,1- Disagree,3 - Agree,1- Disagree,"Implementation costs,Maintenance costs,Planning constraints,Tenancy constraints",,Landscape benefits don’t benefit my farm business,
03/06/2025 04:23,03/06/2025 04:30,IP Address,100,416,TRUE,03/06/2025 04:30,R_21TSqslZctOM401,anonymous,EN,0.8999999761581421,I have read and understood the information provided and I agree to take part in this research project,Scotland,65 to 74,Man,,"Further education – college course, diploma, trade training, etc.",,"£20,000 to £50,000",>250 ha,Farming landowner ,,"Cereals,Lowland grazing livestock,Specialist poultry",,< 10%,Other:,None,Drought ,,,,Once in the last five years,Somewhat affected,Not at all caused by climate change,,No,No,No,No,No,,,,,,2 - Neither agree nor disagree,2 - Neither agree nor disagree,No,,,1-5%,1-5%,I don't know,,,,,,,,3- Agree,1- Disagree,2- Neither agree nor disagree,2- Neither agree nor disagree,3- Agree,2- Neither agree nor disagree,Premium price,2- Neither agree nor disagree,1- Disagree,1- Disagree,1- Disagree,"Implementation costs,Maintenance costs,Land use conflicts with food production,Policy uncertainty",,"Relationship with neighbours,Landscape benefits don’t benefit my farm business,Unequal contribution of resources from landscape-level partners",
03/06/2025 05:02,03/06/2025 05:09,IP Address,100,442,TRUE,03/06/2025 05:09,R_2rG9zgzeEyLXTYB,anonymous,EN,0.20000000298023224,I have read and understood the information provided and I agree to take part in this research project,South West,45 to 54,Woman,,"Higher education – postgraduate level (e.g. MA, MSc, PhD) ",,"£50,000 to £100,000",< 5 ha.,Non-Farming landowner ,,Other:,horses,> 60%,Other:,no funding received,Flood ,,,,Once every 2-3 years,Not affected at all,Mainly caused by climate change,,To some extent,To some extent,Very much,Very much,No,,,,,,3 - Agree,2 - Neither agree nor disagree,"Yes – Individually, on my farm","Grassland restoration,Hedgerows,Other:",improving soil structure ,1-5%,1-5%,Yes,2- Neither agree nor disagree,2- Neither agree nor disagree,3- Agree,1- Disagree,3- Agree,2- Neither agree nor disagree,3- Agree,,,,,,,"improved soil structure, more resilient farm business, cleaner water, reduced costs eventually",1- Disagree,1- Disagree,3 - Agree,1- Disagree,"Implementation costs,Maintenance costs,Limited time,Policy uncertainty,Tax constraints",,"Funding for collaborative action,Unequal contribution of resources from landscape-level partners",
03/06/2025 05:17,03/06/2025 05:23,IP Address,100,348,TRUE,03/06/2025 05:23,R_8kcBpTz4WfXn3a6,anonymous,EN,0.8999999761581421,I have read and understood the information provided and I agree to take part in this research project,South West,65 to 74,Man,,"Higher education – undergraduate level (e.g. BA, BSc) ",,"> £200,000",5 to 20 ha.,Non-Farming landowner ,,Lowland grazing livestock,,> 60%,"Country Stewardships (CS) ,Water Management grants",,Flood ,,,,Once a year,Not affected at all,Partly caused by climate change,,No,No,No,No,"Yes (If you wish, specify which kind of community partnership)",Yes,3 - Agree,2 - Neither agree nor disagree,3 - Agree,2 - Neither agree nor disagree,,,"Yes – In collaboration, at the landscape level","River restoration,Forest reforestation or restoration,Wetland restoration,Hedgerows,Wildflower strips,Habitat creation",,Greater than 25%,Greater than 25%,Yes,3- Agree,2- Neither agree nor disagree,2- Neither agree nor disagree,3- Agree,1- Disagree,2- Neither agree nor disagree,3- Agree,,,,,,,Improved water and soil quality,1- Disagree,1- Disagree,3 - Agree,1- Disagree,"Access to knowledge on implementation,Implementation costs,Maintenance costs,Skills/training,Limited time,Data availability - unclear on the benefits,Policy uncertainty,Tax constraints",,Funding for collaborative action,
03/06/2025 05:47,03/06/2025 05:55,IP Address,100,485,TRUE,03/06/2025 05:55,R_8QJyYVi93C5RK11,anonymous,EN,1,I have read and understood the information provided and I agree to take part in this research project,Scotland,55 to 64,Man,,"Further education – college course, diploma, trade training, etc.",,"< £10,000",20 to 50 ha.,Farming landowner ,,LFA grazing livestock,,> 60%,Other:,,None,,,,,,Partly caused by climate change,,To some extent,To some extent,To some extent,To some extent,No,,,,,,2 - Neither agree nor disagree,2 - Neither agree nor disagree,"Yes – Individually, on my farm","Forest creation,Hedgerows,Habitat creation",,Greater than 25%,5-10%,No,2- Neither agree nor disagree,2- Neither agree nor disagree,2- Neither agree nor disagree,3- Agree,2- Neither agree nor disagree,2- Neither agree nor disagree,2- Neither agree nor disagree,,,,,,,Depends on the work,1- Disagree,1- Disagree,2- Neither agree nor disagree,1- Disagree,"Implementation costs,Maintenance costs,Limited time,Policy uncertainty",,Relationship with neighbours,
03/06/2025 07:19,03/06/2025 07:32,IP Address,100,796,TRUE,03/06/2025 07:32,R_8rYa7cqYReugUVK,anonymous,EN,0.8999999761581421,I have read and understood the information provided and I agree to take part in this research project,North West,55 to 64,Woman,,"Higher education – postgraduate level (e.g. MA, MSc, PhD) ",,"£50,000 to £100,000",>250 ha,Farming landowner ,,LFA grazing livestock,,40% to 50%,"Sustainable Farming Incentives (SFI),Countryside Stewardships Higher Tier (CSHT),Capital Items,Water Management grants,Farming in Protected Landscapes programme (FiPL)",,"Flood ,Drought ",,,,Once every 2-3 years,Somewhat affected,Mainly caused by climate change,,To some extent,To some extent,To some extent,To some extent,"Yes (If you wish, specify which kind of community partnership)",Cluster group CIC,3 - Agree,2 - Neither agree nor disagree,3 - Agree,2 - Neither agree nor disagree,,,"Yes – Individually, on my farm,Yes – In collaboration, at the landscape level","River restoration,Forest creation,Peatland restoration,Grassland restoration,Mob grazing,Hedgerows,Habitat creation,Other:",Hay meadow restoration and management,Greater than 25%,Greater than 25%,Yes,2- Neither agree nor disagree,3- Agree,3- Agree,2- Neither agree nor disagree,3- Agree,3- Agree,3- Agree,,,,,,,"Depending upon the nature based solution, they can be a more sensible use of land than agricultural production, yield more in income and create a more diversified and productive farm as a result",2- Neither agree nor disagree,1- Disagree,3 - Agree,1- Disagree,"Data availability - unclear on the benefits,Policy uncertainty,Other:","Lack of consistent policy has led to a breakdown of trust in the long term aspirations of government policy.  Many land managers feel that they are more secure in continuing with a conventional agricultural approach than enter into a new market which requires a reduction of agricultural production.  The difficulty entering into Higher Tier (less than 50% of applications were successful due to lack of resource on the ground), the alterations to ELMs and the pause in SFI and now the reported shift in government policy with the proposal to reduce BNG requirements for small developers have all resulted in a lack of faith and trust in the longevity and security of government schemes.  ","Funding for collaborative action,Other:",Consistent funding for collaborative work is challenging plus the private markets is not yet fully established.  Currently the only legally required/ monitored markets are carbon and BNG.  A change in government policy could make this easier.
03/06/2025 12:05,03/06/2025 12:30,IP Address,100,1479,TRUE,03/06/2025 12:30,R_8JmkhezWTT7Y66q,anonymous,EN,0.8999999761581421,I have read and understood the information provided and I agree to take part in this research project,Scotland,55 to 64,Man,,"Further education – college course, diploma, trade training, etc.",,"£20,000 to £50,000",100-250 ha.,Farming landowner ,,"Cereals,LFA grazing livestock",,40% to 50%,Other:,,Flood ,,,,Once a year,Somewhat affected,Partly caused by climate change,It would help if Council maintained roadside ditches.,No,No,No,No,No,,,,,,2 - Neither agree nor disagree,2 - Neither agree nor disagree,"Yes – Individually, on my farm","Forest creation,Wetland restoration,Grassland restoration,Hedgerows,Habitat creation",,1-5%,Less than 1%,I don't know,2- Neither agree nor disagree,2- Neither agree nor disagree,2- Neither agree nor disagree,2- Neither agree nor disagree,1- Disagree,3- Agree,2- Neither agree nor disagree,,,,,,,Shelter.,1- Disagree,1- Disagree,2- Neither agree nor disagree,2- Neither agree nor disagree,"Data availability - unclear on the benefits,Land use conflicts with food production,Tenancy constraints",,Other:,"Not qualified to answer, question's are very English centric."
03/06/2025 13:27,03/06/2025 13:42,IP Address,100,911,TRUE,03/06/2025 13:42,R_2NRnwrE7sEmOxax,anonymous,EN,0.699999988,I have read and understood the information provided and I agree to take part in this research project,Scotland,65 to 74,Man,,"Further education – college course, diploma, trade training, etc.",,"£20,000 to £50,000",>250 ha,Farming landowner ,,Mixed,,> 60%,Improving Farm Productivity grant,,Flood ,,,,Once a year,Not affected at all,Not at all caused by climate change,,To some extent,To some extent,To some extent,To some extent,No,,,,,,2 - Neither agree nor disagree,2 - Neither agree nor disagree,No,,,Less than 1%,Less than 1%,No,,,,,,,,2- Neither agree nor disagree,1- Disagree,1- Disagree,2- Neither agree nor disagree,3- Agree,2- Neither agree nor disagree,No benefit ,2- Neither agree nor disagree,2- Neither agree nor disagree,2- Neither agree nor disagree,2- Neither agree nor disagree,Land use conflicts with food production,,Landscape benefits don’t benefit my farm business,
03/06/2025 13:43,03/06/2025 14:37,IP Address,100,3245,TRUE,03/06/2025 14:37,R_8ya2zG64aYldPFO,anonymous,EN,0.6000000238418579,I have read and understood the information provided and I agree to take part in this research project,Scotland,65 to 74,Man,,"Higher education – undergraduate level (e.g. BA, BSc) ",,"£20,000 to £50,000",50 to 100 ha.,Farming landowner ,,LFA grazing livestock,,> 60%,Other:,PSF,None,,,,,,Partly caused by climate change,Seasonal and annual variations in weather patterns exist already.,No,No,To some extent,To some extent,No,,,,,,3 - Agree,3 - Agree,"Yes – Individually, on my farm","Mob grazing,Hedgerows",,Greater than 25%,1-5%,I don't know,2- Neither agree nor disagree,2- Neither agree nor disagree,2- Neither agree nor disagree,2- Neither agree nor disagree,3- Agree,3- Agree,3- Agree,,,,,,,"Sustainable, improved public image.",2- Neither agree nor disagree,1- Disagree,2- Neither agree nor disagree,1- Disagree,"Access to knowledge on implementation,Skills/training,Data availability - unclear on the benefits,Policy uncertainty",,"Funding for collaborative action,Landscape benefits don’t benefit my farm business,Unequal contribution of resources from landscape-level partners",
03/06/2025 15:03,03/06/2025 15:16,IP Address,100,766,TRUE,03/06/2025 15:16,R_2W19lFjYdovv8Gd,anonymous,EN,0.8999999761581421,I have read and understood the information provided and I agree to take part in this research project,South West,65 to 74,Man,,"Higher education – undergraduate level (e.g. BA, BSc) ",,"> £200,000",20 to 50 ha.,Farming landowner ,,Lowland grazing livestock,,< 10%,Other:,,None,,,,,,Not at all caused by climate change,,To some extent,To some extent,To some extent,To some extent,"Yes (If you wish, specify which kind of community partnership)",,3 - Agree,3 - Agree,3 - Agree,3 - Agree,,,No,,,Greater than 25%,Greater than 25%,Yes,,,,,,,,3- Agree,2- Neither agree nor disagree,2- Neither agree nor disagree,3- Agree,3- Agree,3- Agree,"Improved biodiversity in soil and eventually improvement in invertebrate diversity and up
Through the food chain.",3 - Agree,1- Disagree,1- Disagree,1- Disagree,"Access to knowledge on implementation,Implementation costs,Maintenance costs,Skills/training,Data availability - unclear on the benefits,Land use conflicts with food production,Policy uncertainty",,Landscape benefits don’t benefit my farm business,
04/06/2025 01:50,04/06/2025 02:06,IP Address,100,965,TRUE,04/06/2025 02:06,R_8wgWqnIs1Uoar9l,anonymous,EN,0.5,I have read and understood the information provided and I agree to take part in this research project,Scotland,65 to 74,Man,,Other:,BASIS qualified,"£20,000 to £50,000",>250 ha,Other:,Agronomist,Cereals,,10% to 20%,Other:,Various mix of farm enterprises ,"Flood ,Drought ,Disease:",Yellow rust and mildew,,,Once every 2-3 years,Severely affected,,Poor water catchment management La k of investment and Beavers,To some extent,To some extent,To some extent,To some extent,"Yes (If you wish, specify which kind of community partnership)",Strathmore Wildlife Cluster ,3 - Agree,3 - Agree,3 - Agree,3 - Agree,,,"Yes – In collaboration, at the landscape level","Wildflower strips,Habitat creation,Other:",Future opportunities with wetland restoration for Waders,5-10%,5-10%,Yes,3- Agree,3- Agree,3- Agree,2- Neither agree nor disagree,2- Neither agree nor disagree,3- Agree,3- Agree,,,,,,,Focus on most productive land so reduce inputs on less productive area of the farm so increase Gross Margin per ha. Soil quality improvement by use of green manure and two crops per season per ha. Water course protection from buffering with wildflower or grass margins . Quality assurance to end user and price from sustainable systems and biodiversity investments.,2- Neither agree nor disagree,1- Disagree,2- Neither agree nor disagree,1- Disagree,"Access to knowledge on implementation,Skills/training,Policy uncertainty,Other:",Training farmers is KEY,"Funding for collaborative action,Relationship with neighbours,Other:",Lack of support for Scottish Farm Clusters
04/06/2025 02:42,04/06/2025 02:51,IP Address,100,541,TRUE,04/06/2025 02:51,R_2LQ1NLFloCWgHBf,qr,EN,0.699999988,I have read and understood the information provided and I agree to take part in this research project,South West,55 to 64,Man,,"Further education – college course, diploma, trade training, etc.",,"£20,000 to £50,000",>250 ha,Farming landowner ,,Dairy,,10% to 20%,"Sustainable Farming Incentives (SFI),Country Stewardships (CS) ,Capital Items,Farming in Protected Landscapes programme (FiPL)",,"Flood ,Drought ,Disease:",Tb,,,Once every 2-3 years,Somewhat affected,Partly caused by climate change,,To some extent,To some extent,Very much,Very much,"Yes (If you wish, specify which kind of community partnership)",Farmer cluster,3 - Agree,3 - Agree,3 - Agree,3 - Agree,,,"Yes – Individually, on my farm","River restoration,Forest reforestation or restoration,Forest creation,Grassland restoration,Hedgerows,Wildflower strips,Habitat creation,Other:","Supplying DED resistance elm trees to other farmers, landowners and councils ",10-25%,5-10%,Yes,1- Disagree,3- Agree,3- Agree,3- Agree,3- Agree,3- Agree,3- Agree,,,,,,,"Improved soil structure, increasing biodiversity, Sid’s water management ",1- Disagree,1- Disagree,1- Disagree,1- Disagree,"Implementation costs,Maintenance costs,Land use conflicts with food production,Policy uncertainty",,"Funding for collaborative action,Relationship with neighbours",
04/06/2025 07:06,04/06/2025 07:13,IP Address,100,378,TRUE,04/06/2025 07:13,R_8KJZNASzyWZjNOl,anonymous,EN,1,I have read and understood the information provided and I agree to take part in this research project,South West,45 to 54,Man,,"Higher education – postgraduate level (e.g. MA, MSc, PhD) ",,"£20,000 to £50,000",< 5 ha.,Non-Farming landowner ,,Other:,Forestry,> 60%,Woodland Tree Health grant (WTH),,"Drought ,Disease:",Phytophora,,,Once in the last five years,Somewhat affected,Partly caused by climate change,,To some extent,No,To some extent,No,No,,,,,,2 - Neither agree nor disagree,3 - Agree,No,,,Less than 1%,10-25%,I don't know,,,,,,,,2- Neither agree nor disagree,1- Disagree,2- Neither agree nor disagree,3- Agree,2- Neither agree nor disagree,3- Agree,Lower run off and loss of soils. Reduced downstream flooding. ,2- Neither agree nor disagree,1- Disagree,2- Neither agree nor disagree,1- Disagree,"Access to knowledge on implementation,Implementation costs,Maintenance costs,Skills/training,Limited time,Data availability - unclear on the benefits,Land use conflicts with food production,Policy uncertainty,Other:","Permits, consents - paperwork","Relationship with neighbours,Landscape benefits don’t benefit my farm business",
04/06/2025 07:49,04/06/2025 08:22,IP Address,100,1976,TRUE,04/06/2025 08:22,R_8YFDwdZqh6ky95l,anonymous,EN,0.8999999761581421,I have read and understood the information provided and I agree to take part in this research project,South West,65 to 74,Man,,Other:,ACA,"£10,000 to £20,000",5 to 20 ha.,Farming landowner ,,Lowland grazing livestock,,> 60%,Other:,none,None,,,,,,,not app;icable,No,No,To some extent,To some extent,"Yes (If you wish, specify which kind of community partnership)",Farm cluster,3 - Agree,2 - Neither agree nor disagree,3 - Agree,3 - Agree,,,"Yes – In collaboration, at the landscape level","River restoration,Forest creation,Hedgerows,Habitat creation",,1-5%,Less than 1%,Yes,3- Agree,2- Neither agree nor disagree,2- Neither agree nor disagree,2- Neither agree nor disagree,3- Agree,1- Disagree,3- Agree,,,,,,,water quality and soil quality,2- Neither agree nor disagree,1- Disagree,2- Neither agree nor disagree,1- Disagree,"Access to knowledge on implementation,Limited time,Data availability - unclear on the benefits,Land use conflicts with food production,Policy uncertainty,Tax constraints",,"Funding for collaborative action,Other:",Civil service ignorance
04/06/2025 08:50,04/06/2025 08:59,IP Address,100,521,TRUE,04/06/2025 08:59,R_8mryHZmEZajeaCA,anonymous,EN,1,I have read and understood the information provided and I agree to take part in this research project,South West,35 to 44,Man,,"Higher education – postgraduate level (e.g. MA, MSc, PhD) ",,"£20,000 to £50,000",100-250 ha.,Farming landowner ,,"Cereals,Lowland grazing livestock,Specialist poultry,Mixed,Other:",Organic ,50% to 60%,"Sustainable Farming Incentives (SFI),Country Stewardships (CS) ",,None,,,,,,Partly caused by climate change,,No,No,To some extent,To some extent,"Yes (If you wish, specify which kind of community partnership)",Nature group,3 - Agree,2 - Neither agree nor disagree,3 - Agree,2 - Neither agree nor disagree,,,"Yes – Individually, on my farm","Hedgerows,Habitat creation",,1-5%,1-5%,No,3- Agree,1- Disagree,1- Disagree,1- Disagree,3- Agree,2- Neither agree nor disagree,3- Agree,,,,,,,"A mixed rotational farm provides resilience to low yields and drops in price from certain products. We are organic and that constraints us in some ways to do some of the more prescriptive nature friendly methodology. We have however seen soils improve greatly, an influx of nature and great options for pur produce. ",3 - Agree,1- Disagree,1- Disagree,2- Neither agree nor disagree,"Data availability - unclear on the benefits,Land use conflicts with food production,Policy uncertainty",,Other:,Time and coordination. All farmers on board 
04/06/2025 08:52,04/06/2025 09:09,IP Address,100,973,TRUE,04/06/2025 09:09,R_2qgaL4vopEdbb55,anonymous,EN,1,I have read and understood the information provided and I agree to take part in this research project,South West,65 to 74,Woman,,"Higher education – undergraduate level (e.g. BA, BSc) ",,"£20,000 to £50,000",20 to 50 ha.,Farming landowner ,,Lowland grazing livestock,,40% to 50%,"Country Stewardships (CS) ,Farming in Protected Landscapes programme (FiPL)",,Flood ,,,,More than once a year ,Somewhat affected,Partly caused by climate change,,To some extent,To some extent,To some extent,To some extent,"Yes (If you wish, specify which kind of community partnership)",nadder Valley Farmer Group,3 - Agree,2 - Neither agree nor disagree,3 - Agree,2 - Neither agree nor disagree,,,"Yes – Individually, on my farm","Wetland restoration,Hedgerows,Habitat creation,Other:",I have dug 4 ponds and a lake,10-25%,5-10%,I don't know,3- Agree,3- Agree,2- Neither agree nor disagree,3- Agree,3- Agree,2- Neither agree nor disagree,3- Agree,,,,,,,"water quality, biodiversity",1- Disagree,1- Disagree,2- Neither agree nor disagree,1- Disagree,"Implementation costs,Maintenance costs,Policy uncertainty,Tax constraints,Planning constraints",,"Funding for collaborative action,Relationship with neighbours",
04/06/2025 08:57,04/06/2025 09:09,IP Address,100,730,TRUE,04/06/2025 09:09,R_8rZNq0hkIaGlMbC,anonymous,EN,0.800000012,I have read and understood the information provided and I agree to take part in this research project,South West,65 to 74,Man,,"Higher education – postgraduate level (e.g. MA, MSc, PhD) ",,"£10,000 to £20,000",20 to 50 ha.,Farming landowner ,,"Lowland grazing livestock,Other:",Timber,30% to 40%,"Sustainable Farming Incentives (SFI),Country Stewardships (CS) ,Countryside Stewardships Higher Tier (CSHT),Other:",DevonCC NFM,"Drought ,Disease:,Pests:,Other:",Ash dieback,"Ticks, grey squirrels",Storm damage,More than once a year ,Somewhat affected,Partly caused by climate change,,Very much,Very much,Very much,Very much,"Yes (If you wish, specify which kind of community partnership)",Farm cluster and sawmill group,3 - Agree,3 - Agree,3 - Agree,3 - Agree,,,"Yes – Individually, on my farm,Yes – In collaboration, at the landscape level","River restoration,Forest reforestation or restoration,Forest creation,Grassland restoration,Agroforestry ,Hedgerows,Habitat creation,Other:",Nestboxes,Greater than 25%,10-25%,Yes,2- Neither agree nor disagree,2- Neither agree nor disagree,3- Agree,3- Agree,2- Neither agree nor disagree,3- Agree,3- Agree,,,,,,,"Carbon capture, NFM, sustainable future, nature recovery",2- Neither agree nor disagree,2- Neither agree nor disagree,2- Neither agree nor disagree,1- Disagree,"Implementation costs,Maintenance costs,Policy uncertainty,Other:",ELMS must have future certainty and premium payments for the most effective / priority measures.,"Funding for collaborative action,Relationship with neighbours,Other:",Peer pressure
04/06/2025 09:18,04/06/2025 09:27,IP Address,100,596,TRUE,04/06/2025 09:27,R_2EnG6ToXOuH4wKt,anonymous,EN,0.4000000059604645,I have read and understood the information provided and I agree to take part in this research project,South West,65 to 74,Man,,"Higher education – undergraduate level (e.g. BA, BSc) ",,"£20,000 to £50,000",50 to 100 ha.,Farming landowner ,,Lowland grazing livestock,,50% to 60%,Country Stewardships (CS) ,,None,,,,,,Not at all caused by climate change,,No,No,To some extent,To some extent,"Yes (If you wish, specify which kind of community partnership)",,3 - Agree,1 - Disagree,3 - Agree,1 - Disagree,,,No,,,Greater than 25%,Less than 1%,No,,,,,,,,3- Agree,1- Disagree,1- Disagree,1- Disagree,3- Agree,2- Neither agree nor disagree,maintenance of status quo,3 - Agree,1- Disagree,1- Disagree,1- Disagree,"Access to knowledge on implementation,Implementation costs,Maintenance costs,Data availability - unclear on the benefits,Policy uncertainty,Tax constraints",,"Funding for collaborative action,Landscape benefits don’t benefit my farm business,Unequal contribution of resources from landscape-level partners",
04/06/2025 10:41,04/06/2025 10:56,IP Address,100,931,TRUE,04/06/2025 10:56,R_8M0urxHDfYQo9Te,anonymous,EN,0.8999999761581421,I have read and understood the information provided and I agree to take part in this research project,South West,>75 years old,Man,,"Higher education – undergraduate level (e.g. BA, BSc) ",,"£100,000 to £200,000",50 to 100 ha.,Farming landowner ,,Other:,,30% to 40%,"Countryside Stewardships Higher Tier (CSHT),Capital Items",,"Flood ,Drought ",,,,Once every 2-3 years,Somewhat affected,Mainly caused by climate change,,Very much,To some extent,To some extent,To some extent,"Yes (If you wish, specify which kind of community partnership)",,3 - Agree,2 - Neither agree nor disagree,3 - Agree,2 - Neither agree nor disagree,,,"Yes – Individually, on my farm","Grassland restoration,Hedgerows,Habitat creation,Other:",Orchard restoration ,Greater than 25%,1-5%,Yes,1- Disagree,3- Agree,3- Agree,3- Agree,2- Neither agree nor disagree,3- Agree,3- Agree,,,,,,,Elimination / reduction of soil erosion/ water pollution………gives one a real sense of accomplishment seeing improvements for example in biodiversity eg bird species increasing in number .,3 - Agree,1- Disagree,2- Neither agree nor disagree,1- Disagree,"Implementation costs,Maintenance costs,Policy uncertainty",,"Funding for collaborative action,Relationship with neighbours",
04/06/2025 10:41,04/06/2025 11:02,IP Address,100,1300,TRUE,04/06/2025 11:02,R_8RyczJKKxGVgVlS,anonymous,EN,0.800000012,I have read and understood the information provided and I agree to take part in this research project,South West,>75 years old,Man,,"Higher education – undergraduate level (e.g. BA, BSc) ",,"£20,000 to £50,000",20 to 50 ha.,Farming landowner ,,"Lowland grazing livestock,Specialist poultry",,< 10%,England Woodland Creation Offer (EWCO),,Drought ,,,,Once every 2-3 years,Severely affected,Partly caused by climate change,,To some extent,To some extent,To some extent,To some extent,No,,,,,,2 - Neither agree nor disagree,2 - Neither agree nor disagree,"Yes – Individually, on my farm","Grassland restoration,Hedgerows",,1-5%,1-5%,I don't know,3- Agree,2- Neither agree nor disagree,2- Neither agree nor disagree,2- Neither agree nor disagree,2- Neither agree nor disagree,1- Disagree,2- Neither agree nor disagree,,,,,,,I'm not convinced there are major benefits financially. The costs outweigh any improvement to total farm income. I've done a lot of things voluntarily over the years but never qualified for any cash benefit. Contractors just steal the lot.,3 - Agree,2- Neither agree nor disagree,2- Neither agree nor disagree,1- Disagree,"Access to knowledge on implementation,Implementation costs,Maintenance costs,Skills/training,Limited time,Data availability - unclear on the benefits,Land use conflicts with food production,Policy uncertainty,Tax constraints",,"Relationship with neighbours,Landscape benefits don’t benefit my farm business,Unequal contribution of resources from landscape-level partners",
04/06/2025 11:34,04/06/2025 11:49,IP Address,100,910,TRUE,04/06/2025 11:49,R_29GFdVs0TDfQXeh,anonymous,EN,1,I have read and understood the information provided and I agree to take part in this research project,South West,55 to 64,Man,,GCSE or A-levels,,"£20,000 to £50,000",20 to 50 ha.,Farming landowner ,,Lowland grazing livestock,,40% to 50%,"Sustainable Farming Incentives (SFI),Country Stewardships (CS) ",,Drought ,,,,Once in the last five years,Somewhat affected,Partly caused by climate change,,To some extent,To some extent,Very much,Very much,"Yes (If you wish, specify which kind of community partnership)",,3 - Agree,2 - Neither agree nor disagree,3 - Agree,2 - Neither agree nor disagree,,,"Yes – Individually, on my farm","Grassland restoration,Hedgerows,Habitat creation",,10-25%,Greater than 25%,I don't know,1- Disagree,3- Agree,2- Neither agree nor disagree,1- Disagree,3- Agree,2- Neither agree nor disagree,3- Agree,,,,,,,"Flood prevention,   improved soil structure 
Erosion prevention, increased pollinators 
",1- Disagree,1- Disagree,3 - Agree,1- Disagree,"Implementation costs,Maintenance costs,Land use conflicts with food production,Policy uncertainty",,Funding for collaborative action,
04/06/2025 13:31,04/06/2025 13:44,IP Address,100,740,TRUE,04/06/2025 13:44,R_8gT8wBmAeGLypCJ,anonymous,EN,1,I have read and understood the information provided and I agree to take part in this research project,South West,>75 years old,Woman,,"Higher education – postgraduate level (e.g. MA, MSc, PhD) ",,"£50,000 to £100,000",100-250 ha.,Farming landowner ,,"Cereals,Cropping: Biofuels/seed oils,Lowland grazing livestock",,> 60%,"Sustainable Farming Incentives (SFI),Country Stewardships (CS) ,Capital Items",,None,,,,,,Mainly caused by climate change,,No,No,Very much,Very much,No,,,,,,3 - Agree,3 - Agree,"Yes – Individually, on my farm","Forest creation,Grassland restoration,Hedgerows,Habitat creation",,5-10%,5-10%,No,2- Neither agree nor disagree,2- Neither agree nor disagree,2- Neither agree nor disagree,2- Neither agree nor disagree,2- Neither agree nor disagree,1- Disagree,3- Agree,,,,,,,Sustainable future ,3 - Agree,2- Neither agree nor disagree,3 - Agree,1- Disagree,"Access to knowledge on implementation,Implementation costs,Land use conflicts with food production,Policy uncertainty",,Funding for collaborative action,
04/06/2025 14:18,04/06/2025 14:26,IP Address,100,470,TRUE,04/06/2025 14:26,R_2abFW0nHawpCboK,anonymous,EN,0.800000012,I have read and understood the information provided and I agree to take part in this research project,South West,45 to 54,Woman,,"Higher education – undergraduate level (e.g. BA, BSc) ",,"£10,000 to £20,000",50 to 100 ha.,Farming landowner ,,Lowland grazing livestock,,> 60%,"Sustainable Farming Incentives (SFI),Capital Items",,"Flood ,Drought ",,,,Once a year,Somewhat affected,Partly caused by climate change,,To some extent,To some extent,To some extent,To some extent,"Yes (If you wish, specify which kind of community partnership)",facilitation fund group,3 - Agree,2 - Neither agree nor disagree,3 - Agree,2 - Neither agree nor disagree,,,No,,,10-25%,1-5%,No,,,,,,,,2- Neither agree nor disagree,2- Neither agree nor disagree,2- Neither agree nor disagree,2- Neither agree nor disagree,3- Agree,2- Neither agree nor disagree,"it would be nice to think there was some financial benefit to the business  for changing to nature based solutions, as many farmers are already farming on marginal incomes.",1- Disagree,1- Disagree,2- Neither agree nor disagree,1- Disagree,"Access to knowledge on implementation,Implementation costs,Maintenance costs,Data availability - unclear on the benefits",,"Funding for collaborative action,Unequal contribution of resources from landscape-level partners",
04/06/2025 18:29,04/06/2025 18:45,IP Address,100,952,TRUE,04/06/2025 18:45,R_2rwxFLzFEwNqIVa,anonymous,EN,1,I have read and understood the information provided and I agree to take part in this research project,Scotland,65 to 74,Man,,"Further education – college course, diploma, trade training, etc.",,"< £10,000",50 to 100 ha.,Farming landowner ,,LFA grazing livestock,,10% to 20%,Other:,N/A,Drought ,,,,Once every 2-3 years,Severely affected,Not at all caused by climate change,,To some extent,Very much,To some extent,To some extent,No,,,,,,3 - Agree,2 - Neither agree nor disagree,No,,,Less than 1%,Less than 1%,No,,,,,,,,3- Agree,2- Neither agree nor disagree,2- Neither agree nor disagree,2- Neither agree nor disagree,3- Agree,2- Neither agree nor disagree,Unsure,1- Disagree,1- Disagree,2- Neither agree nor disagree,2- Neither agree nor disagree,"Access to knowledge on implementation,Maintenance costs,Limited time,Data availability - unclear on the benefits,Tax constraints,Planning constraints",,Unequal contribution of resources from landscape-level partners,
05/06/2025 01:56,05/06/2025 02:12,IP Address,100,949,TRUE,05/06/2025 02:12,R_2NCRpfgIs2HmXZv,anonymous,EN,1,I have read and understood the information provided and I agree to take part in this research project,South West,35 to 44,Man,,"Higher education – postgraduate level (e.g. MA, MSc, PhD) ",,"£50,000 to £100,000",< 5 ha.,Non-Farming landowner ,,"Cropping: Horticulture,Other:",wildlife,> 60%,"Sustainable Farming Incentives (SFI),Country Stewardships (CS) ,Private sector - NGO",,"Flood ,Drought ,Other:",,,storm damage,Once every 2-3 years,Somewhat affected,,severity and frequency probably strongly influenced by climate change,To some extent,To some extent,Very much,Very much,No,,,,,,2 - Neither agree nor disagree,2 - Neither agree nor disagree,"Yes – Individually, on my farm","River restoration,Wetland restoration,Grassland restoration,Agroforestry ,Hedgerows,Habitat creation",,Greater than 25%,Greater than 25%,I don't know,1- Disagree,3- Agree,3- Agree,3- Agree,1- Disagree,2- Neither agree nor disagree,2- Neither agree nor disagree,,,,,,,"water quality improvement, flood risk reduction, soil health improvement, habitat creation for biodiversity ",1- Disagree,1- Disagree,1- Disagree,1- Disagree,"Access to knowledge on implementation,Implementation costs,Skills/training,Limited time,Land use conflicts with food production,Policy uncertainty,Planning constraints,Tenancy constraints,Other:","lack of confidence in government funding schemes. Poor advice from advisers in the sector. 'Food production'  story is a red herring as if people were genuinely worried about food production we shouldn't be producing so much meat and cereal and shouldn't be sending whole crops to biodigesters. 
","Funding for collaborative action,Relationship with neighbours,Other:",coordination of landscape scale work needs external support.
05/06/2025 01:59,05/06/2025 02:12,IP Address,100,778,TRUE,05/06/2025 02:12,R_8DvVuF8MjDhWaHH,anonymous,EN,0.8999999761581421,I have read and understood the information provided and I agree to take part in this research project,South West,>75 years old,Man,,"Higher education – postgraduate level (e.g. MA, MSc, PhD) ",,"£20,000 to £50,000",5 to 20 ha.,Farming landowner ,,LFA grazing livestock,,> 60%,Country Stewardships (CS) ,,None,,,,,,Not at all caused by climate change,,To some extent,To some extent,To some extent,To some extent,No,,,,,,2 - Neither agree nor disagree,2 - Neither agree nor disagree,No,,,5-10%,Less than 1%,I don't know,,,,,,,,2- Neither agree nor disagree,2- Neither agree nor disagree,2- Neither agree nor disagree,2- Neither agree nor disagree,2- Neither agree nor disagree,2- Neither agree nor disagree,Ther is no description of what the nature based solution may be,3 - Agree,1- Disagree,1- Disagree,1- Disagree,"Access to knowledge on implementation,Implementation costs,Maintenance costs,Data availability - unclear on the benefits,Land use conflicts with food production,Policy uncertainty",,Landscape benefits don’t benefit my farm business,
05/06/2025 03:48,05/06/2025 03:56,IP Address,100,498,TRUE,05/06/2025 03:56,R_2KVHKuJpG1C41uF,anonymous,EN,1,I have read and understood the information provided and I agree to take part in this research project,East Anglia,>75 years old,Woman,,"Higher education – postgraduate level (e.g. MA, MSc, PhD) ",,"£20,000 to £50,000",20 to 50 ha.,Non-Farming landowner ,,"Cereals,Dairy,Lowland grazing livestock",,> 60%,"Country Stewardships (CS) ,Capital Items",,Drought ,,,,Once a year,Somewhat affected,Mainly caused by climate change,,To some extent,To some extent,Very much,Very much,No,,,,,,3 - Agree,2 - Neither agree nor disagree,"Yes – Individually, on my farm","Grassland restoration,Hedgerows,Wildflower strips",,5-10%,1-5%,Yes,2- Neither agree nor disagree,3- Agree,2- Neither agree nor disagree,2- Neither agree nor disagree,3- Agree,2- Neither agree nor disagree,3- Agree,,,,,,,"improved soil, less reliance on chemicals, habitat creation alongside productive farming, more sustainable",2- Neither agree nor disagree,1- Disagree,2- Neither agree nor disagree,1- Disagree,"Access to knowledge on implementation,Implementation costs,Maintenance costs,Limited time,Policy uncertainty",,Funding for collaborative action,
05/06/2025 03:58,05/06/2025 04:17,IP Address,100,1104,TRUE,05/06/2025 04:17,R_8ir1WjyOPuGz6XI,anonymous,EN,1,I have read and understood the information provided and I agree to take part in this research project,East Anglia,25 to 34,Woman,,"Higher education – postgraduate level (e.g. MA, MSc, PhD) ",,"£50,000 to £100,000",100-250 ha.,Family member,,Cereals,,< 10%,Sustainable Farming Incentives (SFI),,"Drought ,Wildfire,Other:",,,Black grass,Once in the last five years,Somewhat affected,Mainly caused by climate change,,To some extent,To some extent,Very much,Very much,No,,,,,,3 - Agree,2 - Neither agree nor disagree,No,,,10-25%,1-5%,Yes,,,,,,,,2- Neither agree nor disagree,3- Agree,2- Neither agree nor disagree,3- Agree,3- Agree,3- Agree,Land is more resilient to drastic climatic changes e.g. floodplain meadow restoration in response to flood risk. Making land more resilient would therefore have a knock on effect that yield and productivity is not so much effected. As well as farm livelihoods and neighbours.,1- Disagree,1- Disagree,2- Neither agree nor disagree,1- Disagree,"Implementation costs,Data availability - unclear on the benefits,Land use conflicts with food production,Planning constraints,Other:","Facilitation funding being scrapped has meant that large scale organised NbS on a landscape scale has become tricky. There is not loads of enthusiasm throughout the sector to create a joined up approach, especially if the funds nor facilitation isn't there. If LR is unavailable or unsuccessful, private financing has to be explored which again creates another barrier. Particularly in terms of uncertainty with longterm agreements, the financial gain, and taking land out of production.","Funding for collaborative action,Landscape benefits don’t benefit my farm business,Unequal contribution of resources from landscape-level partners",
05/06/2025 04:13,05/06/2025 04:23,IP Address,100,574,TRUE,05/06/2025 04:23,R_8mLqW0SzFQSk9rm,anonymous,EN,0.8999999761581421,I have read and understood the information provided and I agree to take part in this research project,East Anglia,35 to 44,Man,,"Higher education – undergraduate level (e.g. BA, BSc) ",,"£50,000 to £100,000",>250 ha,Farming landowner ,,Cereals,,20% to 30%,"Sustainable Farming Incentives (SFI),Country Stewardships (CS) ,Capital Items,Woodland Tree Health grant (WTH)",,"Flood ,Drought ",,,,More than once a year ,Severely affected,Mainly caused by climate change,,Very much,Very much,Very much,Very much,"Yes (If you wish, specify which kind of community partnership)",West Cambs 100,3 - Agree,2 - Neither agree nor disagree,3 - Agree,2 - Neither agree nor disagree,,,"Yes – In collaboration, at the landscape level","Grassland restoration,Hedgerows,Wildflower strips,Habitat creation",,10-25%,1-5%,Yes,2- Neither agree nor disagree,3- Agree,2- Neither agree nor disagree,2- Neither agree nor disagree,3- Agree,3- Agree,2- Neither agree nor disagree,,,,,,,"improving water quality, pest control, soil quality, nature recovery",2- Neither agree nor disagree,1- Disagree,3 - Agree,1- Disagree,"Access to knowledge on implementation,Implementation costs,Maintenance costs,Skills/training,Limited time,Land use conflicts with food production,Policy uncertainty",,"Funding for collaborative action,Unequal contribution of resources from landscape-level partners",
05/06/2025 05:40,05/06/2025 05:46,IP Address,100,314,TRUE,05/06/2025 05:46,R_2xS58rBKMt8oP4h,anonymous,EN,0.699999988,I have read and understood the information provided and I agree to take part in this research project,East Midlands,55 to 64,Man,,"Higher education – postgraduate level (e.g. MA, MSc, PhD) ",,"> £200,000",>250 ha,Farming landowner ,,Cereals,,> 60%,"Sustainable Farming Incentives (SFI),Country Stewardships (CS) ,Countryside Stewardships Higher Tier (CSHT),Capital Items,Woodland Tree Health grant (WTH)",,"Drought ,Disease:,Pests:",,,,Once a year,Somewhat affected,Partly caused by climate change,,Very much,Very much,Very much,Very much,"Yes (If you wish, specify which kind of community partnership)",,3 - Agree,3 - Agree,3 - Agree,3 - Agree,,,"Yes – Individually, on my farm","Forest creation,Grassland restoration,Wildflower strips,Habitat creation",,Greater than 25%,Greater than 25%,Yes,3- Agree,3- Agree,3- Agree,3- Agree,3- Agree,3- Agree,3- Agree,,,,,,,All of the above,1- Disagree,1- Disagree,3 - Agree,1- Disagree,"Implementation costs,Maintenance costs,Land use conflicts with food production,Policy uncertainty",,Funding for collaborative action,
05/06/2025 05:34,05/06/2025 06:01,IP Address,100,1657,TRUE,05/06/2025 06:01,R_2dZaeY5SUjqlU36,anonymous,EN,0.8999999761581421,I have read and understood the information provided and I agree to take part in this research project,East Anglia,55 to 64,Man,,"Higher education – postgraduate level (e.g. MA, MSc, PhD) ",,"£50,000 to £100,000",>250 ha,"Farming landowner ,Farm business tenancy (FBT)",,Cereals,,50% to 60%,"Sustainable Farming Incentives (SFI),Country Stewardships (CS) ,Improving Farm Productivity grant",,Drought ,,,,Once every 2-3 years,Somewhat affected,Partly caused by climate change,,Very much,To some extent,Very much,Very much,"Yes (If you wish, specify which kind of community partnership)",Farmer Cluster,3 - Agree,3 - Agree,3 - Agree,3 - Agree,,,No,,,5-10%,5-10%,Yes,,,,,,,,3- Agree,2- Neither agree nor disagree,2- Neither agree nor disagree,1- Disagree,1- Disagree,3- Agree,"Improved soil and water health, possible price premiums",1- Disagree,1- Disagree,3 - Agree,1- Disagree,"Access to knowledge on implementation,Implementation costs,Policy uncertainty",,Funding for collaborative action,
05/06/2025 06:08,05/06/2025 06:19,IP Address,100,666,TRUE,05/06/2025 06:19,R_8PIibeoHZold0Jt,anonymous,EN,0.8999999761581421,I have read and understood the information provided and I agree to take part in this research project,East Anglia,55 to 64,Man,,"Further education – college course, diploma, trade training, etc.",,"£20,000 to £50,000",100-250 ha.,Farming landowner ,,Cereals,,< 10%,Country Stewardships (CS) ,,"Disease:,Pests:",some fields flooded,flea beetle,,Once a year,Somewhat affected,Mainly caused by climate change,,To some extent,To some extent,To some extent,To some extent,No,,,,,,2 - Neither agree nor disagree,1 - Disagree,No,,,5-10%,1-5%,No,,,,,,,,2- Neither agree nor disagree,2- Neither agree nor disagree,3- Agree,2- Neither agree nor disagree,3- Agree,2- Neither agree nor disagree,soil quality a little,2- Neither agree nor disagree,1- Disagree,3 - Agree,2- Neither agree nor disagree,"Implementation costs,Data availability - unclear on the benefits,Land use conflicts with food production,Policy uncertainty,Tenancy constraints",,"Funding for collaborative action,Landscape benefits don’t benefit my farm business",
05/06/2025 06:34,05/06/2025 06:48,IP Address,100,815,TRUE,05/06/2025 06:48,R_2wtsqY4kJXlFDt0,anonymous,EN,0.800000012,I have read and understood the information provided and I agree to take part in this research project,East Anglia,65 to 74,Man,,"Higher education – postgraduate level (e.g. MA, MSc, PhD) ",,"£50,000 to £100,000",>250 ha,Farming landowner ,,"Cereals,Other:","Oil Reed Rape, Field Beans",20% to 30%,"Sustainable Farming Incentives (SFI),Country Stewardships (CS) ,Countryside Stewardships Higher Tier (CSHT),Capital Items,Improving Farm Productivity grant",,"Drought ,Disease:,Pests:,Other:",,,Periodic heavy rainfall,Once a year,Severely affected,Mainly caused by climate change,,Very much,To some extent,Very much,To some extent,"Yes (If you wish, specify which kind of community partnership)",W Cambs 100s,3 - Agree,3 - Agree,3 - Agree,2 - Neither agree nor disagree,,,"Yes – Individually, on my farm","Forest reforestation or restoration,Hedgerows,Wildflower strips,Habitat creation",,10-25%,10-25%,Yes,2- Neither agree nor disagree,3- Agree,3- Agree,3- Agree,1- Disagree,3- Agree,3- Agree,,,,,,,"Improved soil quality, improved water quality, premium price on some contracts, enhanced wildlife including birds, mammals, insects etc",3 - Agree,1- Disagree,3 - Agree,3 - Agree,"Implementation costs,Maintenance costs,Skills/training,Limited time,Policy uncertainty",,Funding for collaborative action,
05/06/2025 06:48,05/06/2025 06:55,IP Address,100,433,TRUE,05/06/2025 06:55,R_2cVEP52G7YmU1vH,anonymous,EN,0.8999999761581421,I have read and understood the information provided and I agree to take part in this research project,East Anglia,55 to 64,Man,,"Further education – college course, diploma, trade training, etc.",,"£50,000 to £100,000",100-250 ha.,Non-Farming landowner ,,Cereals,,50% to 60%,No funding,,"Flood ,Pests:",,,,Once every 2-3 years,Somewhat affected,Not at all caused by climate change,,To some extent,No,To some extent,No,No,,,,,,2 - Neither agree nor disagree,1 - Disagree,No,,,Less than 1%,Less than 1%,Yes,,,,,,,,2- Neither agree nor disagree,3- Agree,2- Neither agree nor disagree,2- Neither agree nor disagree,3- Agree,3- Agree,Don't know,2- Neither agree nor disagree,1- Disagree,1- Disagree,1- Disagree,"Access to knowledge on implementation,Implementation costs,Maintenance costs,Skills/training,Data availability - unclear on the benefits,Land use conflicts with food production,Policy uncertainty,Tenancy constraints",,"Funding for collaborative action,Landscape benefits don’t benefit my farm business",
05/06/2025 04:19,05/06/2025 06:57,IP Address,100,9508,TRUE,05/06/2025 06:57,R_21dBa2uw9ZgJfcu,anonymous,EN,0.8999999761581421,I have read and understood the information provided and I agree to take part in this research project,East Anglia,35 to 44,Woman,,"Higher education – undergraduate level (e.g. BA, BSc) ",,"£50,000 to £100,000",>250 ha,Farming landowner ,,"Cereals,Mixed",,50% to 60%,Country Stewardships (CS) ,,"Flood ,Drought ,Disease:,Pests:",Yellow rust,"Flea beetle, slugs",,Once a year,Somewhat affected,Partly caused by climate change,"When you look back through more recent history, they had ‘climate events’ too. The climate has changed significantly since the ice age and I’m dubious if that is all caused by humans.",To some extent,To some extent,Very much,Very much,No,,,,,,3 - Agree,2 - Neither agree nor disagree,"Yes – Individually, on my farm","River restoration,Grassland restoration,Mob grazing,Hedgerows,Habitat creation",,1-5%,Less than 1%,I don't know,2- Neither agree nor disagree,3- Agree,3- Agree,2- Neither agree nor disagree,3- Agree,1- Disagree,3- Agree,,,,,,,"Improved soil quality, improved water quality, more diverse and thriving ecosystems",2- Neither agree nor disagree,1- Disagree,2- Neither agree nor disagree,1- Disagree,"Access to knowledge on implementation,Implementation costs,Maintenance costs,Skills/training,Land use conflicts with food production",,"Funding for collaborative action,Relationship with neighbours,Landscape benefits don’t benefit my farm business,Unequal contribution of resources from landscape-level partners",
05/06/2025 07:15,05/06/2025 07:24,IP Address,100,551,TRUE,05/06/2025 07:24,R_80HnHwd5wAR3llO,qr,EN,0.8999999761581421,I have read and understood the information provided and I agree to take part in this research project,East Anglia,65 to 74,Man,,GCSE or A-levels,,"£20,000 to £50,000",100-250 ha.,Farming landowner ,,Cereals,,20% to 30%,"Sustainable Farming Incentives (SFI),Country Stewardships (CS) ,Other private company",,Drought ,,,,Once in the last five years,Somewhat affected,Partly caused by climate change,,To some extent,To some extent,Very much,Very much,"Yes (If you wish, specify which kind of community partnership)",Farmer cluster,3 - Agree,2 - Neither agree nor disagree,3 - Agree,2 - Neither agree nor disagree,,,No,,,5-10%,5-10%,I don't know,,,,,,,,2- Neither agree nor disagree,2- Neither agree nor disagree,3- Agree,2- Neither agree nor disagree,2- Neither agree nor disagree,3- Agree,Improved soil and water quality.,2- Neither agree nor disagree,1- Disagree,2- Neither agree nor disagree,1- Disagree,"Access to knowledge on implementation,Skills/training,Limited time,Policy uncertainty",,Funding for collaborative action,
05/06/2025 10:03,05/06/2025 10:12,IP Address,100,581,TRUE,05/06/2025 10:12,R_88HinwYUBKt5y3N,anonymous,EN,0.5,I have read and understood the information provided and I agree to take part in this research project,South West,35 to 44,Woman,,"Higher education – undergraduate level (e.g. BA, BSc) ",,"£10,000 to £20,000",5 to 20 ha.,Non-Farming landowner ,,Other:,Private nature reserve with temperate rainforest and species rich grassland,> 60%,"Sustainable Farming Incentives (SFI),Other:",Devon Wildlife Trust,Drought ,,,,Once every 2-3 years,Somewhat affected,Mainly caused by climate change,,To some extent,To some extent,Very much,Very much,No,,,,,,3 - Agree,3 - Agree,"Yes – Individually, on my farm","Forest reforestation or restoration,Wetland restoration,Grassland restoration,Hedgerows,Wildflower strips,Habitat creation",,Greater than 25%,Greater than 25%,No,1- Disagree,3- Agree,3- Agree,3- Agree,1- Disagree,3- Agree,3- Agree,,,,,,,It's the only solution if we want to live on an habitable planet now and for future generations.,3 - Agree,1- Disagree,3 - Agree,1- Disagree,"Access to knowledge on implementation,Implementation costs,Maintenance costs,Skills/training,Limited time,Land use conflicts with food production,Policy uncertainty",,"Funding for collaborative action,Relationship with neighbours",
05/06/2025 15:51,05/06/2025 16:06,IP Address,100,893,TRUE,05/06/2025 16:06,R_8fUyBXtYb46t90G,anonymous,EN,0.5,I have read and understood the information provided and I agree to take part in this research project,Scotland,35 to 44,Man,,"Higher education – postgraduate level (e.g. MA, MSc, PhD) ",,"£50,000 to £100,000",20 to 50 ha.,Farming landowner ,,LFA grazing livestock,,> 60%,"Capital Items,Improving Farm Productivity grant",,"Drought ,Pests:",,"Badgers, starlings",,More than once a year ,Somewhat affected,Not at all caused by climate change,,No,No,No,No,No,,,,,,2 - Neither agree nor disagree,2 - Neither agree nor disagree,No,,,1-5%,Less than 1%,No,,,,,,,,3- Agree,1- Disagree,2- Neither agree nor disagree,2- Neither agree nor disagree,3- Agree,3- Agree,Sustainable long term farming,2- Neither agree nor disagree,1- Disagree,1- Disagree,1- Disagree,"Access to knowledge on implementation,Implementation costs,Maintenance costs,Data availability - unclear on the benefits,Land use conflicts with food production",,"Funding for collaborative action,Landscape benefits don’t benefit my farm business",
06/06/2025 01:43,06/06/2025 01:53,IP Address,100,642,TRUE,06/06/2025 01:53,R_8BqSJ080Dt2pmfw,anonymous,EN,0.8999999761581421,I have read and understood the information provided and I agree to take part in this research project,East Anglia,55 to 64,Man,,"Higher education – undergraduate level (e.g. BA, BSc) ",,"£50,000 to £100,000",>250 ha,Farming landowner ,,"Cereals,Cropping: Biofuels/seed oils",,< 10%,"Sustainable Farming Incentives (SFI),Country Stewardships (CS) ,Capital Items,Private sector - Water company,Other private company",,"Flood ,Drought ,Wildfire,Disease:,Pests:",Septoria/yellow rust/brown rust/ ramularia,Aphids/CSFB/Gout Fly/slugs,,More than once a year ,Somewhat affected,Mainly caused by climate change,,Very much,Very much,Very much,Very much,"Yes (If you wish, specify which kind of community partnership)",,3 - Agree,3 - Agree,3 - Agree,3 - Agree,,,"Yes – Individually, on my farm","Hedgerows,Wildflower strips",,5-10%,1-5%,I don't know,3- Agree,2- Neither agree nor disagree,1- Disagree,3- Agree,3- Agree,3- Agree,3- Agree,,,,,,,Maintaining environmental features ,2- Neither agree nor disagree,1- Disagree,3 - Agree,1- Disagree,"Access to knowledge on implementation,Implementation costs,Maintenance costs,Skills/training,Limited time,Data availability - unclear on the benefits,Land use conflicts with food production,Policy uncertainty,Tax constraints,Planning constraints,Tenancy constraints",,"Funding for collaborative action,Relationship with neighbours,Landscape benefits don’t benefit my farm business,Unequal contribution of resources from landscape-level partners",
06/06/2025 00:21,06/06/2025 01:53,IP Address,100,5528,TRUE,06/06/2025 01:53,R_8amfPDWkpsiUZm1,anonymous,EN,0.800000012,I have read and understood the information provided and I agree to take part in this research project,South West,>75 years old,Man,,"Further education – college course, diploma, trade training, etc.",,"£20,000 to £50,000",5 to 20 ha.,Farming landowner ,,Lowland grazing livestock,,10% to 20%,Sustainable Farming Incentives (SFI),,Drought ,,,,Once in the last five years,Somewhat affected,Mainly caused by climate change,,No,No,Very much,Very much,No,,,,,,3 - Agree,2 - Neither agree nor disagree,No,,,Greater than 25%,5-10%,I don't know,,,,,,,,2- Neither agree nor disagree,3- Agree,2- Neither agree nor disagree,3- Agree,3- Agree,3- Agree,Improved soil quality improved water quality increased wildlife ,3 - Agree,2- Neither agree nor disagree,3 - Agree,1- Disagree,"Maintenance costs,Land use conflicts with food production,Policy uncertainty",,Funding for collaborative action,
06/06/2025 02:42,06/06/2025 02:54,IP Address,100,718,TRUE,06/06/2025 02:54,R_2QNnmN7YMTevxct,anonymous,EN,1,I have read and understood the information provided and I agree to take part in this research project,East Anglia,>75 years old,Man,,"Higher education – postgraduate level (e.g. MA, MSc, PhD) ",,"£50,000 to £100,000",100-250 ha.,Farming landowner ,,Cereals,,> 60%,"Sustainable Farming Incentives (SFI),Country Stewardships (CS) ",,"Flood ,Disease:,Pests:",Fungal plant diseases,Aphids,,Once a year,Somewhat affected,"Not at all caused by climate change,Partly caused by climate change,Mainly caused by climate change",Flooding increased by climate change.  No obvious change in pests and diseases,Very much,Very much,Very much,Very much,"Yes (If you wish, specify which kind of community partnership)",,3 - Agree,2 - Neither agree nor disagree,2 - Neither agree nor disagree,2 - Neither agree nor disagree,,,"Yes – Individually, on my farm","Hedgerows,Other:",Legume fallow,10-25%,1-5%,Yes,2- Neither agree nor disagree,2- Neither agree nor disagree,3- Agree,2- Neither agree nor disagree,3- Agree,2- Neither agree nor disagree,2- Neither agree nor disagree,,,,,,,Improved soil quality.  Natural pest control.,3 - Agree,1- Disagree,2- Neither agree nor disagree,1- Disagree,"Access to knowledge on implementation,Implementation costs,Maintenance costs,Skills/training,Data availability - unclear on the benefits,Land use conflicts with food production,Policy uncertainty",,"Funding for collaborative action,Relationship with neighbours",
06/06/2025 04:12,06/06/2025 04:18,IP Address,100,377,TRUE,06/06/2025 04:18,R_2Ra1JinOR7zYL8S,anonymous,EN,0.699999988,I have read and understood the information provided and I agree to take part in this research project,East Anglia,45 to 54,Woman,,"Higher education – undergraduate level (e.g. BA, BSc) ",,"> £200,000",50 to 100 ha.,Farming landowner ,,"Lowland grazing livestock,Other:",Tourism,> 60%,"Sustainable Farming Incentives (SFI),Country Stewardships (CS) ",,"Flood ,Drought ",,,,More than once a year ,Somewhat affected,Mainly caused by climate change,,To some extent,To some extent,Very much,Very much,"Yes (If you wish, specify which kind of community partnership)",Farmer cluster,3 - Agree,3 - Agree,3 - Agree,2 - Neither agree nor disagree,,,"Yes – Individually, on my farm,Yes – In collaboration, at the landscape level","Forest reforestation or restoration,Hedgerows,Wildflower strips,Habitat creation",,10-25%,10-25%,Yes,1- Disagree,3- Agree,2- Neither agree nor disagree,2- Neither agree nor disagree,3- Agree,3- Agree,3- Agree,,,,,,,"Improved water & soil quality, improved biodiversity, better environment for our farm visitors",2- Neither agree nor disagree,1- Disagree,3 - Agree,1- Disagree,"Access to knowledge on implementation,Implementation costs,Maintenance costs,Skills/training,Data availability - unclear on the benefits,Policy uncertainty,Planning constraints",,Funding for collaborative action,
06/06/2025 05:14,06/06/2025 05:24,IP Address,100,590,TRUE,06/06/2025 05:24,R_8QKAfqal1NVob66,anonymous,EN,1,I have read and understood the information provided and I agree to take part in this research project,East Anglia,65 to 74,Man,,"Further education – college course, diploma, trade training, etc.",,"£50,000 to £100,000",>250 ha,Farming landowner ,,Cropping: Horticulture,,< 10%,"Sustainable Farming Incentives (SFI),Country Stewardships (CS) ",,"Flood ,Drought ",,,,Once every 2-3 years,Severely affected,Mainly caused by climate change,,Very much,Very much,Very much,Very much,"Yes (If you wish, specify which kind of community partnership)",,2 - Neither agree nor disagree,2 - Neither agree nor disagree,2 - Neither agree nor disagree,2 - Neither agree nor disagree,,,"Yes – Individually, on my farm","River restoration,Hedgerows",,Less than 1%,Less than 1%,I don't know,3- Agree,1- Disagree,2- Neither agree nor disagree,2- Neither agree nor disagree,2- Neither agree nor disagree,2- Neither agree nor disagree,2- Neither agree nor disagree,,,,,,,"Soil improvements
Encouraging beneficial insects",3 - Agree,1- Disagree,1- Disagree,1- Disagree,Land use conflicts with food production,,Landscape benefits don’t benefit my farm business,
06/06/2025 10:02,06/06/2025 10:22,IP Address,100,1236,TRUE,06/06/2025 10:22,R_2ffoe94DbNoZSQw,anonymous,EN,,I have read and understood the information provided and I agree to take part in this research project,East Anglia,>75 years old,Man,,"Higher education – undergraduate level (e.g. BA, BSc) ",,"£100,000 to £200,000",>250 ha,Farming landowner ,,"Cereals,Lowland grazing livestock",,30% to 40%,"Sustainable Farming Incentives (SFI),Country Stewardships (CS) ,Private sector - Water company",,"Disease:,Pests:","Extreme rain or dry, but not flooding as such",The usual,,Once every 2-3 years,Somewhat affected,Mainly caused by climate change,Weather patterns (jet stream) are changing and disrupting our usual patterns.,Very much,Very much,To some extent,To some extent,"Yes (If you wish, specify which kind of community partnership)",Farm Cluster group,3 - Agree,2 - Neither agree nor disagree,3 - Agree,2 - Neither agree nor disagree,,,"Yes – Individually, on my farm,Yes – In collaboration, at the landscape level","Wetland restoration,Grassland restoration,Hedgerows,Wildflower strips,Habitat creation,Other:",Other principles of regen farming - trying to get biology back into the soil.,10-25%,1-5%,Yes,1- Disagree,3- Agree,2- Neither agree nor disagree,3- Agree,1- Disagree,1- Disagree,2- Neither agree nor disagree,,,,,,,"I include looking after the soil (no inversion tillage, direct drilling, cover crops, adding biologically active compost) as nature based solutions in all my answers:
reduced costs, improved soil structure, better water retention, can get on wet land sooner, better water quality, reduced inputs, improved payment rates, maintaining gross margins.",1- Disagree,1- Disagree,1- Disagree,1- Disagree,"Access to knowledge on implementation,Implementation costs,Skills/training,Data availability - unclear on the benefits,Policy uncertainty,Other:",Hard to change 'old' mindsets ie 'we've always done it this way'.,"Funding for collaborative action,Landscape benefits don’t benefit my farm business,Other:","At the moment, the uncertainty of entering into long term contracts (30 years) when certain carbon reduction has been agreed, due to the difficulty of measuring carbon in the farming environment and the likelihood that such measurement methods will develop and provide changing results to those obtaining at the contract initiation."
07/06/2025 00:11,07/06/2025 00:18,IP Address,100,373,TRUE,07/06/2025 00:18,R_20vL2Uv2wmDG0Me,anonymous,EN,,I have read and understood the information provided and I agree to take part in this research project,South West,55 to 64,Woman,,"Higher education – undergraduate level (e.g. BA, BSc) ",,"< £10,000",5 to 20 ha.,Non-Farming landowner ,,Other:,,> 60%,No funding,,None,,,,,,,n,No,No,No,No,No,,,,,,2 - Neither agree nor disagree,2 - Neither agree nor disagree,"Yes – Individually, on my farm","Grassland restoration,Hedgerows,Wildflower strips,Habitat creation",,Greater than 25%,Greater than 25%,Yes,3- Agree,2- Neither agree nor disagree,1- Disagree,3- Agree,3- Agree,1- Disagree,3- Agree,,,,,,,n,1- Disagree,1- Disagree,1- Disagree,1- Disagree,"Implementation costs,Maintenance costs,Policy uncertainty,Tax constraints",,Unequal contribution of resources from landscape-level partners,
07/06/2025 04:45,07/06/2025 04:54,IP Address,100,537,TRUE,07/06/2025 04:54,R_8HjA5lxSkvg3Znl,anonymous,EN,,I have read and understood the information provided and I agree to take part in this research project,South West,55 to 64,Man,,"Further education – college course, diploma, trade training, etc.",,"£50,000 to £100,000",50 to 100 ha.,"Farming landowner ,Other:",Farming isn't my main source of income,Lowland grazing livestock,,> 60%,"Country Stewardships (CS) ,Capital Items",,Drought ,,,,Once every 2-3 years,Somewhat affected,Mainly caused by climate change,,To some extent,Very much,Very much,Very much,No,,,,,,3 - Agree,3 - Agree,"Yes – Individually, on my farm","Grassland restoration,Agroforestry ,Hedgerows,Wildflower strips",,Greater than 25%,Greater than 25%,No,2- Neither agree nor disagree,3- Agree,3- Agree,3- Agree,3- Agree,3- Agree,3- Agree,,,,,,,"soil, water, productivity, resilience, mental health",2- Neither agree nor disagree,1- Disagree,3 - Agree,2- Neither agree nor disagree,"Access to knowledge on implementation,Implementation costs,Maintenance costs,Limited time,Data availability - unclear on the benefits,Land use conflicts with food production,Policy uncertainty",,"Funding for collaborative action,Landscape benefits don’t benefit my farm business,Unequal contribution of resources from landscape-level partners",
07/06/2025 08:52,07/06/2025 09:05,IP Address,100,815,TRUE,07/06/2025 09:05,R_2PtdtztA8yIaaNP,anonymous,EN,,I have read and understood the information provided and I agree to take part in this research project,South West,>75 years old,Woman,,GCSE or A-levels,,"£20,000 to £50,000",20 to 50 ha.,Non-Farming landowner ,,Lowland grazing livestock,,> 60%,"Sustainable Farming Incentives (SFI),Country Stewardships (CS) ,Farming in Protected Landscapes programme (FiPL)",,None,,,,,,Partly caused by climate change,,To some extent,To some extent,To some extent,To some extent,"Yes (If you wish, specify which kind of community partnership)",Farm Cluster,3 - Agree,2 - Neither agree nor disagree,3 - Agree,2 - Neither agree nor disagree,,,"Yes – Individually, on my farm","Forest reforestation or restoration,Wetland restoration,Mob grazing",,Greater than 25%,1-5%,Yes,2- Neither agree nor disagree,3- Agree,2- Neither agree nor disagree,2- Neither agree nor disagree,2- Neither agree nor disagree,1- Disagree,3- Agree,,,,,,,"Improved soil quality, stopping rainwater run off, increasing insect populations.",1- Disagree,1- Disagree,2- Neither agree nor disagree,1- Disagree,"Access to knowledge on implementation,Skills/training,Data availability - unclear on the benefits,Policy uncertainty",,Unequal contribution of resources from landscape-level partners,
07/06/2025 10:00,07/06/2025 10:06,IP Address,100,404,TRUE,07/06/2025 10:06,R_8mUVi5BDDKgVd7l,anonymous,EN,,I have read and understood the information provided and I agree to take part in this research project,South West,65 to 74,Man,,"Higher education – undergraduate level (e.g. BA, BSc) ",,"£50,000 to £100,000",5 to 20 ha.,Non-Farming landowner ,,Other:,,> 60%,Country Stewardships (CS) ,,None,,,,,,Partly caused by climate change,,To some extent,To some extent,To some extent,To some extent,No,,,,,,3 - Agree,3 - Agree,"Yes – Individually, on my farm",Grassland restoration,,Greater than 25%,5-10%,I don't know,1- Disagree,3- Agree,3- Agree,2- Neither agree nor disagree,2- Neither agree nor disagree,2- Neither agree nor disagree,2- Neither agree nor disagree,,,,,,,Diversity in grasses and plants ,2- Neither agree nor disagree,3 - Agree,2- Neither agree nor disagree,2- Neither agree nor disagree,"Data availability - unclear on the benefits,Land use conflicts with food production,Policy uncertainty",,Funding for collaborative action,
07/06/2025 10:13,07/06/2025 10:27,IP Address,100,827,TRUE,07/06/2025 10:27,R_8pKLCgKTEMVpraw,anonymous,EN,,I have read and understood the information provided and I agree to take part in this research project,South West,55 to 64,Woman,,"Higher education – undergraduate level (e.g. BA, BSc) ",,"> £200,000",20 to 50 ha.,Non-Farming landowner ,,Lowland grazing livestock,,> 60%,No funding,,None,,,,,,,compacted soil and poor vegetation cover,To some extent,To some extent,To some extent,No,"Yes (If you wish, specify which kind of community partnership)",Farmer cluster,3 - Agree,3 - Agree,3 - Agree,3 - Agree,,,"Yes – Individually, on my farm,Yes – In collaboration, at the landscape level","Forest reforestation or restoration,Forest creation,Grassland restoration,Hedgerows,Wildflower strips",,Greater than 25%,Greater than 25%,Yes,1- Disagree,3- Agree,2- Neither agree nor disagree,3- Agree,2- Neither agree nor disagree,1- Disagree,3- Agree,,,,,,,"improved soil quality, improved bio diversity, sustainable future",1- Disagree,1- Disagree,3 - Agree,1- Disagree,"Access to knowledge on implementation,Maintenance costs,Skills/training,Data availability - unclear on the benefits,Land use conflicts with food production",,Funding for collaborative action,
08/06/2025 01:25,08/06/2025 01:39,IP Address,100,807,TRUE,08/06/2025 01:39,R_8S206SD0Jw4pMK7,anonymous,EN,,I have read and understood the information provided and I agree to take part in this research project,East Anglia,65 to 74,Man,,"Further education – college course, diploma, trade training, etc.",,"£50,000 to £100,000",>250 ha,"Farming landowner ,Farm business tenancy (FBT)",,Cereals,,50% to 60%,"Sustainable Farming Incentives (SFI),Country Stewardships (CS) ,Capital Items",,"Flood ,Drought ,Disease:,Pests:",Fungal diseases ,OSR pests,,Once a year,Severely affected,Mainly caused by climate change,,Very much,To some extent,To some extent,To some extent,No,,,,,,1 - Disagree,1 - Disagree,"Yes – Individually, on my farm","Hedgerows,Wildflower strips",,1-5%,1-5%,Yes,2- Neither agree nor disagree,1- Disagree,1- Disagree,1- Disagree,3- Agree,2- Neither agree nor disagree,2- Neither agree nor disagree,,,,,,,Helping wildlife,3 - Agree,2- Neither agree nor disagree,2- Neither agree nor disagree,1- Disagree,"Access to knowledge on implementation,Implementation costs,Maintenance costs,Skills/training,Limited time,Data availability - unclear on the benefits,Land use conflicts with food production,Policy uncertainty,Tax constraints,Tenancy constraints",,"Funding for collaborative action,Landscape benefits don’t benefit my farm business",
03/06/2025 01:55,03/06/2025 02:00,IP Address,67,317,FALSE,10/06/2025 02:00,R_8lsILGZeYACY42v,anonymous,EN,0.6000000238418579,I have read and understood the information provided and I agree to take part in this research project,Yorkshire and Humber,45 to 54,Woman,,"Further education – college course, diploma, trade training, etc.",,"£20,000 to £50,000",< 5 ha.,Non-Farming landowner ,,Lowland grazing livestock,,> 60%,Other:,none,None,,,,,,Partly caused by climate change,,To some extent,To some extent,Very much,Very much,No,,,,,,3 - Agree,1 - Disagree,No,,,,,,,,,,,,,,,,,,,,,,,,,,,
03/06/2025 02:17,03/06/2025 02:20,IP Address,40,150,FALSE,10/06/2025 02:20,R_2OTsOj09fXbol9E,anonymous,EN,1,I have read and understood the information provided and I agree to take part in this research project,South West,35 to 44,Woman,,GCSE or A-levels,,"< £10,000",< 5 ha.,Farming landowner ,,Cereals,,< 10%,Sustainable Farming Incentives (SFI),,"Drought ,Pests:,Other:",,,,,,,,,,,,,,,,,,,,,,,,,,,,,,,,,,,,,,,,,,,,,,,
03/06/2025 03:46,03/06/2025 03:47,IP Address,3,73,FALSE,10/06/2025 03:47,R_22R6pka0AARthPl,anonymous,EN,1,I have read and understood the information provided and I agree to take part in this research project,,,,,,,,,,,,,,,,,,,,,,,,,,,,,,,,,,,,,,,,,,,,,,,,,,,,,,,,,,,,,,,
02/06/2025 07:12,03/06/2025 04:43,IP Address,3,77468,FALSE,10/06/2025 04:43,R_8hSdqsB8JwNbGFS,anonymous,EN,1,I have read and understood the information provided and I agree to take part in this research project,,,,,,,,,,,,,,,,,,,,,,,,,,,,,,,,,,,,,,,,,,,,,,,,,,,,,,,,,,,,,,,
03/06/2025 05:37,03/06/2025 05:39,IP Address,20,84,FALSE,10/06/2025 05:39,R_27US5BDvnR7cyjI,anonymous,EN,0.699999988,I have read and understood the information provided and I agree to take part in this research project,South West,>75 years old,Man,,"Higher education – undergraduate level (e.g. BA, BSc) ",,"£50,000 to £100,000",,,,,,,,,,,,,,,,,,,,,,,,,,,,,,,,,,,,,,,,,,,,,,,,,,,,,,,,
03/06/2025 09:19,03/06/2025 09:21,IP Address,3,158,FALSE,10/06/2025 09:21,R_2lFHIAVZ1IJ5NAJ,anonymous,EN,1,I have read and understood the information provided and I agree to take part in this research project,,,,,,,,,,,,,,,,,,,,,,,,,,,,,,,,,,,,,,,,,,,,,,,,,,,,,,,,,,,,,,,
03/06/2025 09:51,03/06/2025 09:52,IP Address,20,61,FALSE,10/06/2025 09:53,R_2CQBNddCUKZgyla,anonymous,EN,0.8999999761581421,I have read and understood the information provided and I agree to take part in this research project,Wales,25 to 34,Man,,"Higher education – undergraduate level (e.g. BA, BSc) ",,"£50,000 to £100,000",,,,,,,,,,,,,,,,,,,,,,,,,,,,,,,,,,,,,,,,,,,,,,,,,,,,,,,,
03/06/2025 02:22,03/06/2025 11:44,IP Address,90,33694,FALSE,10/06/2025 11:44,R_8n5nlZt93Rhj45P,anonymous,EN,0.8999999761581421,I have read and understood the information provided and I agree to take part in this research project,South East,65 to 74,Man,,"Higher education – undergraduate level (e.g. BA, BSc) ",,"£50,000 to £100,000",>250 ha,Farming landowner ,,Cereals,,20% to 30%,"Sustainable Farming Incentives (SFI),Country Stewardships (CS) ,Capital Items,Farming in Protected Landscapes programme (FiPL)",,"Drought ,Disease:,Pests:",Chalara,CSFB,,Once a year,Severely affected,Partly caused by climate change,,To some extent,To some extent,Very much,Very much,"Yes (If you wish, specify which kind of community partnership)",Wessex Farm Conservation,3 - Agree,1 - Disagree,3 - Agree,1 - Disagree,,,"Yes – Individually, on my farm,Yes – In collaboration, at the landscape level","Forest reforestation or restoration,Forest creation,Grassland restoration,Hedgerows,Wildflower strips,Habitat creation",,10-25%,5-10%,Yes,2- Neither agree nor disagree,3- Agree,2- Neither agree nor disagree,2- Neither agree nor disagree,3- Agree,3- Agree,2- Neither agree nor disagree,,,,,,,"Sustainable farming , increased biodiversity",,,,,,,,
10/06/2025 14:24,10/06/2025 14:37,IP Address,100,812,TRUE,10/06/2025 14:37,R_2laXPfB5rvqXE6R,anonymous,EN,,I have read and understood the information provided and I agree to take part in this research project,South West,65 to 74,Man,,"Higher education – undergraduate level (e.g. BA, BSc) ",,"£20,000 to £50,000",>250 ha,Other:,Retiring farmer sometime/maybe,"Cereals,Lowland grazing livestock",,20% to 30%,"Country Stewardships (CS) ,Capital Items,Farming in Protected Landscapes programme (FiPL),Other:",on farm tourism,"Drought ,Disease:",TB,,,Once every 2-3 years,Somewhat affected,Partly caused by climate change,,To some extent,No,To some extent,No,"Yes (If you wish, specify which kind of community partnership)","farmer guardians of the upper Thames, Pasture-fed-Livestock",3 - Agree,3 - Agree,3 - Agree,2 - Neither agree nor disagree,,,"Yes – Individually, on my farm","Grassland restoration,Mob grazing,Agroforestry ,Hedgerows,Wildflower strips,Habitat creation",,Greater than 25%,Greater than 25%,No,1- Disagree,3- Agree,3- Agree,3- Agree,2- Neither agree nor disagree,3- Agree,2- Neither agree nor disagree,,,,,,,"soil quality, brand building and prices achieved, tourism, improved water quality, our USP",1- Disagree,1- Disagree,2- Neither agree nor disagree,1- Disagree,"Maintenance costs,Policy uncertainty,Planning constraints,Other:",Uncertainty of all environmental funding going forward by Defra. It could easily devastate all that has been achieved,Funding for collaborative action,
11/06/2025 05:28,11/06/2025 05:57,IP Address,100,1736,TRUE,11/06/2025 05:57,R_2pXN9aXRjQ1wr38,anonymous,EN,,I have read and understood the information provided and I agree to take part in this research project,East Anglia,35 to 44,Man,,"Higher education – undergraduate level (e.g. BA, BSc) ",,"£20,000 to £50,000",>250 ha,Farming landowner ,,"Cereals,Lowland grazing livestock,Mixed",,> 60%,"Sustainable Farming Incentives (SFI),Capital Items,Woodland Tree Health grant (WTH),Private sector - NGO,Other private company",,"Drought ,Disease:",Ash dieback,,,Once every 2-3 years,Somewhat affected,Mainly caused by climate change,,Very much,To some extent,Very much,Very much,"Yes (If you wish, specify which kind of community partnership)",farm cluster,3 - Agree,3 - Agree,3 - Agree,3 - Agree,,,"Yes – Individually, on my farm","Forest reforestation or restoration,Forest creation,Wetland restoration,Grassland restoration,Agroforestry ,Hedgerows,Wildflower strips,Habitat creation",,Greater than 25%,10-25%,Yes,2- Neither agree nor disagree,3- Agree,3- Agree,2- Neither agree nor disagree,3- Agree,3- Agree,3- Agree,,,,,,,"decreased pest and disease, improved soil health, improved water quality, increased opportunities for business diversification and drought resilience",2- Neither agree nor disagree,1- Disagree,3 - Agree,1- Disagree,"Access to knowledge on implementation,Implementation costs,Maintenance costs,Data availability - unclear on the benefits,Land use conflicts with food production,Policy uncertainty",,"Funding for collaborative action,Unequal contribution of resources from landscape-level partners",
11/06/2025 07:36,11/06/2025 07:49,IP Address,100,770,TRUE,11/06/2025 07:49,R_2kZ8JeC8eiPRZYc,anonymous,EN,,I have read and understood the information provided and I agree to take part in this research project,Scotland,55 to 64,Woman,,"Higher education – postgraduate level (e.g. MA, MSc, PhD) ",,"£20,000 to £50,000",100-250 ha.,Farming landowner ,,Mixed,,> 60%,No funding,,"Flood ,Drought ",,,,Once every 2-3 years,Somewhat affected,Partly caused by climate change,,Very much,To some extent,Very much,Very much,No,,,,,,2 - Neither agree nor disagree,2 - Neither agree nor disagree,No,,,1-5%,Less than 1%,No,,,,,,,,2- Neither agree nor disagree,2- Neither agree nor disagree,1- Disagree,2- Neither agree nor disagree,3- Agree,3- Agree,"Improved soil health 
Improved biodiversity 
",3 - Agree,1- Disagree,2- Neither agree nor disagree,1- Disagree,"Implementation costs,Maintenance costs,Land use conflicts with food production",,"Landscape benefits don’t benefit my farm business,Unequal contribution of resources from landscape-level partners",
04/06/2025 08:50,04/06/2025 08:50,IP Address,3,47,FALSE,11/06/2025 08:50,R_8uDuAPSuU9O3wXi,anonymous,EN,0,I have read and understood the information provided and I agree to take part in this research project,,,,,,,,,,,,,,,,,,,,,,,,,,,,,,,,,,,,,,,,,,,,,,,,,,,,,,,,,,,,,,,
04/06/2025 08:49,04/06/2025 08:51,IP Address,20,112,FALSE,11/06/2025 08:51,R_8H0JdlUYJvXtGbV,anonymous,EN,0.699999988,I have read and understood the information provided and I agree to take part in this research project,South West,65 to 74,Woman,,"Higher education – undergraduate level (e.g. BA, BSc) ",,"£10,000 to £20,000",,,,,,,,,,,,,,,,,,,,,,,,,,,,,,,,,,,,,,,,,,,,,,,,,,,,,,,,
04/06/2025 08:52,04/06/2025 08:53,IP Address,3,45,FALSE,11/06/2025 08:53,R_27H80XaWvDzHVnq,anonymous,EN,1,I have read and understood the information provided and I agree to take part in this research project,,,,,,,,,,,,,,,,,,,,,,,,,,,,,,,,,,,,,,,,,,,,,,,,,,,,,,,,,,,,,,,
04/06/2025 09:34,04/06/2025 09:37,IP Address,20,176,FALSE,11/06/2025 09:37,R_8jOna0qHcQU0dXg,anonymous,EN,1,I have read and understood the information provided and I agree to take part in this research project,South West,45 to 54,Man,,"Higher education – postgraduate level (e.g. MA, MSc, PhD) ",,"£100,000 to £200,000",,,,,,,,,,,,,,,,,,,,,,,,,,,,,,,,,,,,,,,,,,,,,,,,,,,,,,,,
04/06/2025 09:52,04/06/2025 10:01,IP Address,40,540,FALSE,11/06/2025 10:01,R_2LCCVRxiQaobcdr,anonymous,EN,0.10000000149011612,I have read and understood the information provided and I agree to take part in this research project,South West,65 to 74,Woman,,"Further education – college course, diploma, trade training, etc.",,"£10,000 to £20,000",5 to 20 ha.,Non-Farming landowner ,,Other:,"Species rich meadows, hay making",> 60%,Country Stewardships (CS) ,,None,,,,,,,"We have experienced a loss of wildlife, probably due to climate change ",To some extent,No,To some extent,To some extent,,,,,,,,,,,,,,,,,,,,,,,,,,,,,,,,,,,,
04/06/2025 10:05,04/06/2025 10:07,IP Address,20,99,FALSE,11/06/2025 10:07,R_80q5XgpkksBjQtG,anonymous,EN,0.699999988,I have read and understood the information provided and I agree to take part in this research project,South West,65 to 74,Man,,"Further education – college course, diploma, trade training, etc.",,"£20,000 to £50,000",,,,,,,,,,,,,,,,,,,,,,,,,,,,,,,,,,,,,,,,,,,,,,,,,,,,,,,,
04/06/2025 10:23,04/06/2025 10:23,IP Address,3,20,FALSE,11/06/2025 10:23,R_21jl7PX052I3YDS,anonymous,EN,0.8999999761581421,I have read and understood the information provided and I agree to take part in this research project,,,,,,,,,,,,,,,,,,,,,,,,,,,,,,,,,,,,,,,,,,,,,,,,,,,,,,,,,,,,,,,
04/06/2025 10:50,04/06/2025 10:51,IP Address,3,77,FALSE,11/06/2025 10:51,R_2KPeI98WDM1RqTI,anonymous,EN,0.8999999761581421,I have read and understood the information provided and I agree to take part in this research project,,,,,,,,,,,,,,,,,,,,,,,,,,,,,,,,,,,,,,,,,,,,,,,,,,,,,,,,,,,,,,,
12/06/2025 03:18,12/06/2025 03:34,IP Address,100,910,TRUE,12/06/2025 03:34,R_8Dwnd7gi4FOoviM,anonymous,EN,,I have read and understood the information provided and I agree to take part in this research project,South West,35 to 44,Woman,,"Further education – college course, diploma, trade training, etc.",,"£100,000 to £200,000",100-250 ha.,Farming landowner ,,Lowland grazing livestock,,> 60%,Countryside Stewardships Higher Tier (CSHT),,Flood ,,,,More than once a year ,Severely affected,Partly caused by climate change,,To some extent,To some extent,To some extent,Very much,"Yes (If you wish, specify which kind of community partnership)",Moor association ,3 - Agree,1 - Disagree,3 - Agree,1 - Disagree,,,"Yes – Individually, on my farm,Yes – In collaboration, at the landscape level","Grassland restoration,Mob grazing,Hedgerows,Habitat creation",,Greater than 25%,5-10%,Yes,1- Disagree,3- Agree,1- Disagree,1- Disagree,3- Agree,2- Neither agree nor disagree,1- Disagree,,,,,,,Creating systems that work with nature but this costs to implement and the funding must remain in place to keep encouraging farmers to make changes which make a big impact. ,1- Disagree,1- Disagree,3 - Agree,1- Disagree,"Access to knowledge on implementation,Implementation costs,Maintenance costs,Limited time,Policy uncertainty",,"Relationship with neighbours,Unequal contribution of resources from landscape-level partners,Other:",Nature based solutions are being pushed by NGOs who also stand to gain hugely from them on their land- they shape the policy and then have people in place to make huge claims quickly before the money runs out. Funding should be ringfenced or at least there should be a greater proportion available to those actively farming the land. This would mean more availability to the people/ businesses who need to make the biggest changes to work with nature. 
05/06/2025 04:22,05/06/2025 04:24,IP Address,20,78,FALSE,12/06/2025 04:24,R_8IQ1Dv3EVZQwHjq,anonymous,EN,0.699999988,I have read and understood the information provided and I agree to take part in this research project,East Anglia,65 to 74,Woman,,"Higher education – undergraduate level (e.g. BA, BSc) ",,"£50,000 to £100,000",,,,,,,,,,,,,,,,,,,,,,,,,,,,,,,,,,,,,,,,,,,,,,,,,,,,,,,,
12/06/2025 04:35,12/06/2025 04:46,IP Address,100,662,TRUE,12/06/2025 04:46,R_8To66r0SXeEKxz8,anonymous,EN,,I have read and understood the information provided and I agree to take part in this research project,South West,55 to 64,Man,,"Higher education – undergraduate level (e.g. BA, BSc) ",,"£10,000 to £20,000",>250 ha,Farming landowner ,,Mixed,,< 10%,Sustainable Farming Incentives (SFI),,"Flood ,Drought ",,,,Once a year,Severely affected,Partly caused by climate change,,To some extent,To some extent,To some extent,To some extent,No,,,,,,3 - Agree,3 - Agree,"Yes – Individually, on my farm","Grassland restoration,Hedgerows,Habitat creation",,5-10%,1-5%,I don't know,2- Neither agree nor disagree,2- Neither agree nor disagree,2- Neither agree nor disagree,2- Neither agree nor disagree,2- Neither agree nor disagree,2- Neither agree nor disagree,2- Neither agree nor disagree,,,,,,,Improved soil quality,2- Neither agree nor disagree,1- Disagree,1- Disagree,2- Neither agree nor disagree,"Access to knowledge on implementation,Implementation costs,Skills/training,Land use conflicts with food production,Policy uncertainty,Tenancy constraints",,Relationship with neighbours,
05/06/2025 05:11,05/06/2025 05:12,IP Address,3,56,FALSE,12/06/2025 05:12,R_2ySS1ZInPo7INz3,anonymous,EN,1,I have read and understood the information provided and I agree to take part in this research project,,,,,,,,,,,,,,,,,,,,,,,,,,,,,,,,,,,,,,,,,,,,,,,,,,,,,,,,,,,,,,,
12/06/2025 05:40,12/06/2025 05:51,IP Address,100,643,TRUE,12/06/2025 05:51,R_2o9gVOTkjm0PYhr,anonymous,EN,,I have read and understood the information provided and I agree to take part in this research project,South West,35 to 44,Man,,"Higher education – undergraduate level (e.g. BA, BSc) ",,"£20,000 to £50,000",100-250 ha.,Farming landowner ,,Lowland grazing livestock,,50% to 60%,"Sustainable Farming Incentives (SFI),Country Stewardships (CS) ,Capital Items,Improving Farm Productivity grant",,"Flood ,Drought ,Disease:",TB,,,Once a year,Somewhat affected,Partly caused by climate change,,Very much,To some extent,Very much,Very much,No,,,,,,2 - Neither agree nor disagree,1 - Disagree,"Yes – Individually, on my farm","Wetland restoration,Peatland restoration",,Greater than 25%,Greater than 25%,I don't know,2- Neither agree nor disagree,2- Neither agree nor disagree,1- Disagree,3- Agree,2- Neither agree nor disagree,3- Agree,2- Neither agree nor disagree,,,,,,,Improved bank balance,1- Disagree,1- Disagree,3 - Agree,1- Disagree,"Land use conflicts with food production,Policy uncertainty,Planning constraints,Other:",The government and Defra can't make up theirs minds and keep closing schemes,"Funding for collaborative action,Relationship with neighbours,Unequal contribution of resources from landscape-level partners",
12/06/2025 13:22,12/06/2025 13:36,IP Address,100,806,TRUE,12/06/2025 13:36,R_2CfWLo1Zdm3kpnb,anonymous,EN,,I have read and understood the information provided and I agree to take part in this research project,South West,35 to 44,Man,,GCSE or A-levels,,"£10,000 to £20,000",100-250 ha.,Farming landowner ,,Lowland grazing livestock,,< 10%,Countryside Stewardships Higher Tier (CSHT),,"Flood ,Drought ",,,,Once every 2-3 years,Severely affected,Partly caused by climate change,,Very much,Very much,Very much,Very much,No,,,,,,2 - Neither agree nor disagree,2 - Neither agree nor disagree,No,,,5-10%,10-25%,I don't know,,,,,,,,2- Neither agree nor disagree,2- Neither agree nor disagree,1- Disagree,2- Neither agree nor disagree,3- Agree,3- Agree,increase water quality,3 - Agree,1- Disagree,2- Neither agree nor disagree,1- Disagree,"Access to knowledge on implementation,Implementation costs,Maintenance costs,Land use conflicts with food production,Policy uncertainty",,"Funding for collaborative action,Other:",different farms have different needs and land uses so landscape schemes affect neighboring farms in very different ways
12/06/2025 15:56,12/06/2025 16:05,IP Address,100,569,TRUE,12/06/2025 16:06,R_82Ez93e9pJnRhqH,anonymous,EN,,I have read and understood the information provided and I agree to take part in this research project,South West,45 to 54,Man,,"Further education – college course, diploma, trade training, etc.",,"£20,000 to £50,000",>250 ha,Farming landowner ,,"Cereals,Dairy",,< 10%,"Sustainable Farming Incentives (SFI),Country Stewardships (CS) ,Countryside Stewardships Higher Tier (CSHT),Capital Items,Improving Farm Productivity grant",,"Flood ,Drought ,Disease:,Pests:",,,,More than once a year ,Severely affected,Partly caused by climate change,But flooding can be reduced if the water ways were maintained ,To some extent,To some extent,To some extent,To some extent,No,,,,,,3 - Agree,2 - Neither agree nor disagree,"Yes – Individually, on my farm,Yes – In collaboration, at the landscape level","Peatland restoration,Agroforestry ,Hedgerows",,1-5%,5-10%,I don't know,2- Neither agree nor disagree,2- Neither agree nor disagree,2- Neither agree nor disagree,2- Neither agree nor disagree,3- Agree,2- Neither agree nor disagree,3- Agree,,,,,,,Looking after the landscape and habitat,2- Neither agree nor disagree,1- Disagree,2- Neither agree nor disagree,1- Disagree,"Implementation costs,Maintenance costs,Data availability - unclear on the benefits,Land use conflicts with food production,Policy uncertainty,Tax constraints,Planning constraints",,Funding for collaborative action,
12/06/2025 22:50,12/06/2025 22:58,IP Address,100,483,TRUE,12/06/2025 22:58,R_8HMqSgaKMSNqV4d,anonymous,EN,,I have read and understood the information provided and I agree to take part in this research project,East Anglia,55 to 64,Man,,"Higher education – postgraduate level (e.g. MA, MSc, PhD) ",,"£100,000 to £200,000",100-250 ha.,Farming landowner ,,"Cereals,Cropping: Horticulture,Mixed",,> 60%,"Sustainable Farming Incentives (SFI),Country Stewardships (CS) ,Other:",Tree production capital grant (TPCG),"Drought ,Pests:",,various,,Once a year,Somewhat affected,Mainly caused by climate change,,Very much,Very much,Very much,Very much,"Yes (If you wish, specify which kind of community partnership)",Farmer Cluster,3 - Agree,2 - Neither agree nor disagree,2 - Neither agree nor disagree,1 - Disagree,,,"Yes – Individually, on my farm","Grassland restoration,Agroforestry ,Hedgerows,Wildflower strips,Habitat creation",,5-10%,1-5%,I don't know,2- Neither agree nor disagree,1- Disagree,2- Neither agree nor disagree,2- Neither agree nor disagree,2- Neither agree nor disagree,1- Disagree,3- Agree,,,,,,,Soil health,1- Disagree,1- Disagree,2- Neither agree nor disagree,1- Disagree,"Limited time,Policy uncertainty,Tenancy constraints",,"Funding for collaborative action,Relationship with neighbours,Other:",Government policy
06/06/2025 01:51,06/06/2025 01:57,IP Address,20,362,FALSE,13/06/2025 01:57,R_2QtabRVcAm2zeFz,anonymous,EN,1,I have read and understood the information provided and I agree to take part in this research project,East Anglia,25 to 34,Man,,"Higher education – postgraduate level (e.g. MA, MSc, PhD) ",,"£50,000 to £100,000",,,,,,,,,,,,,,,,,,,,,,,,,,,,,,,,,,,,,,,,,,,,,,,,,,,,,,,,
13/06/2025 02:50,13/06/2025 03:09,IP Address,100,1129,TRUE,13/06/2025 03:09,R_22g3mSocTrvOqqt,anonymous,EN,,I have read and understood the information provided and I agree to take part in this research project,South East,45 to 54,Man,,"Further education – college course, diploma, trade training, etc.",,"£20,000 to £50,000",>250 ha,Farming landowner ,,Mixed,,20% to 30%,"Country Stewardships (CS) ,Countryside Stewardships Higher Tier (CSHT)",,"Flood ,Drought ",,,,Once a year,Somewhat affected,Partly caused by climate change,,To some extent,To some extent,To some extent,To some extent,No,,,,,,3 - Agree,2 - Neither agree nor disagree,"Yes – Individually, on my farm",Wildflower strips,,10-25%,1-5%,No,3- Agree,1- Disagree,2- Neither agree nor disagree,2- Neither agree nor disagree,3- Agree,2- Neither agree nor disagree,2- Neither agree nor disagree,,,,,,,Improve bio diversity ,1- Disagree,1- Disagree,3 - Agree,1- Disagree,"Implementation costs,Maintenance costs,Limited time,Land use conflicts with food production,Policy uncertainty,Tax constraints,Tenancy constraints",,"Funding for collaborative action,Unequal contribution of resources from landscape-level partners",
06/06/2025 03:49,06/06/2025 03:50,IP Address,20,53,FALSE,13/06/2025 03:50,R_8smCIlzYopacysa,anonymous,EN,1,I have read and understood the information provided and I agree to take part in this research project,East Anglia,35 to 44,Woman,,"Higher education – postgraduate level (e.g. MA, MSc, PhD) ",,"£50,000 to £100,000",,,,,,,,,,,,,,,,,,,,,,,,,,,,,,,,,,,,,,,,,,,,,,,,,,,,,,,,
06/06/2025 03:53,06/06/2025 03:54,IP Address,3,62,FALSE,13/06/2025 03:54,R_2GKtvWmdkL4jAM2,anonymous,EN,0.800000012,I have read and understood the information provided and I agree to take part in this research project,,,,,,,,,,,,,,,,,,,,,,,,,,,,,,,,,,,,,,,,,,,,,,,,,,,,,,,,,,,,,,,
13/06/2025 04:43,13/06/2025 04:55,IP Address,100,758,TRUE,13/06/2025 04:55,R_2RrcozhwihlFlV0,anonymous,EN,,I have read and understood the information provided and I agree to take part in this research project,East Anglia,35 to 44,Woman,,"Higher education – postgraduate level (e.g. MA, MSc, PhD) ",,"£50,000 to £100,000",>250 ha,Farming landowner ,,"Cereals,Cropping: Horticulture,Cropping: Biofuels/seed oils,Lowland grazing livestock",,50% to 60%,"Sustainable Farming Incentives (SFI),Country Stewardships (CS) ,Capital Items",,"Flood ,Drought ,Disease:,Pests:",,,,More than once a year ,Somewhat affected,Mainly caused by climate change,,Very much,Very much,Very much,Very much,"Yes (If you wish, specify which kind of community partnership)",,3 - Agree,3 - Agree,3 - Agree,3 - Agree,,,"Yes – Individually, on my farm","Grassland restoration,Hedgerows,Wildflower strips,Habitat creation",,Greater than 25%,Greater than 25%,Yes,1- Disagree,3- Agree,3- Agree,3- Agree,3- Agree,3- Agree,3- Agree,,,,,,,"improved soil quality, crop health and yields, improved water quality, flood reduction, water resources, improved biodiversity",3 - Agree,2- Neither agree nor disagree,3 - Agree,1- Disagree,"Implementation costs,Maintenance costs,Skills/training,Data availability - unclear on the benefits,Policy uncertainty,Planning constraints",,Funding for collaborative action,
03/06/2025 09:37,09/06/2025 02:08,IP Address,20,491467,FALSE,16/06/2025 02:08,R_2YgqaRGYSQygN8K,anonymous,EN,1,I have read and understood the information provided and I agree to take part in this research project,East Anglia,35 to 44,Man,,"Higher education – undergraduate level (e.g. BA, BSc) ",,"£50,000 to £100,000",,,,,,,,,,,,,,,,,,,,,,,,,,,,,,,,,,,,,,,,,,,,,,,,,,,,,,,,
16/06/2025 06:47,16/06/2025 07:02,IP Address,100,902,TRUE,16/06/2025 07:02,R_28LI3roPrB4fHbv,anonymous,EN,,I have read and understood the information provided and I agree to take part in this research project,Greater London,25 to 34,Man,,"Higher education – undergraduate level (e.g. BA, BSc) ",,"£50,000 to £100,000",< 5 ha.,"Farm business tenancy (FBT),Farm worker",,"Cropping: Horticulture,Specialist poultry",,50% to 60%,Private sector - NGO,,"Flood ,Drought ,Disease:,Pests:",,slug,,More than once a year ,Somewhat affected,Mainly caused by climate change,,Very much,To some extent,Very much,To some extent,"Yes (If you wish, specify which kind of community partnership)",community charity ,3 - Agree,3 - Agree,3 - Agree,3 - Agree,,,"Yes – Individually, on my farm","Forest reforestation or restoration,Hedgerows",,10-25%,5-10%,Yes,1- Disagree,3- Agree,3- Agree,3- Agree,3- Agree,3- Agree,3- Agree,,,,,,,"Soil, water, more productive veg and flowers. ",3 - Agree,2- Neither agree nor disagree,2- Neither agree nor disagree,1- Disagree,"Access to knowledge on implementation,Implementation costs,Maintenance costs,Skills/training,Limited time,Planning constraints,Tenancy constraints",,"Funding for collaborative action,Relationship with neighbours,Unequal contribution of resources from landscape-level partners",
09/06/2025 06:55,09/06/2025 07:43,IP Address,67,2872,FALSE,16/06/2025 07:43,R_2vYSKS1Bgin7lvY,anonymous,EN,,I have read and understood the information provided and I agree to take part in this research project,Greater London,35 to 44,Woman,,"Higher education – undergraduate level (e.g. BA, BSc) ",,"£50,000 to £100,000",5 to 20 ha.,"Farm worker,Other:",Charity Director,Cropping: Horticulture,,< 10%,"Private sector - NGO,Other private company,Other:",Trusts,"Drought ,Pests:",,,,More than once a year ,Somewhat affected,"Partly caused by climate change,Mainly caused by climate change",,Very much,Very much,Very much,Very much,No,,,,,,3 - Agree,3 - Agree,"Yes – Individually, on my farm",,,,,,,,,,,,,,,,,,,,,,,,,,,
10/06/2025 02:15,10/06/2025 02:20,IP Address,67,273,FALSE,17/06/2025 02:20,R_23EwPpxqrKQrKPN,anonymous,EN,,I have read and understood the information provided and I agree to take part in this research project,East Anglia,45 to 54,Man,,"Higher education – postgraduate level (e.g. MA, MSc, PhD) ",,"> £200,000",20 to 50 ha.,Non-Farming landowner ,,"Cereals,Lowland grazing livestock",,> 60%,Country Stewardships (CS) ,,None,,,,,,Mainly caused by climate change,,To some extent,To some extent,Very much,Very much,No,,,,,,3 - Agree,3 - Agree,No,,,,,,,,,,,,,,,,,,,,,,,,,,,
17/06/2025 03:00,17/06/2025 03:06,IP Address,100,359,TRUE,17/06/2025 03:06,R_8w51e7afZmnpxNl,anonymous,EN,,I have read and understood the information provided and I agree to take part in this research project,South West,65 to 74,Man,,"Higher education – postgraduate level (e.g. MA, MSc, PhD) ",,"£50,000 to £100,000",< 5 ha.,Non-Farming landowner ,,Lowland grazing livestock,,> 60%,No funding,,None,,,,,,Mainly caused by climate change,,No,No,To some extent,To some extent,No,,,,,,3 - Agree,2 - Neither agree nor disagree,"Yes – Individually, on my farm","Forest creation,Hedgerows,Habitat creation",,10-25%,10-25%,Yes,2- Neither agree nor disagree,3- Agree,2- Neither agree nor disagree,1- Disagree,3- Agree,2- Neither agree nor disagree,2- Neither agree nor disagree,,,,,,,biodiversity renewal,3 - Agree,1- Disagree,3 - Agree,1- Disagree,"Access to knowledge on implementation,Implementation costs,Skills/training,Limited time,Data availability - unclear on the benefits,Policy uncertainty,Tenancy constraints",,"Funding for collaborative action,Relationship with neighbours",
17/06/2025 03:01,17/06/2025 03:09,IP Address,100,473,TRUE,17/06/2025 03:09,R_21thxlgaO91DZ4A,anonymous,EN,,I have read and understood the information provided and I agree to take part in this research project,South East,55 to 64,Man,,"Higher education – postgraduate level (e.g. MA, MSc, PhD) ",,"£50,000 to £100,000",100-250 ha.,Farming landowner ,,Mixed,,40% to 50%,"Sustainable Farming Incentives (SFI),Country Stewardships (CS) ",,"Flood ,Drought ",,,,Once every 2-3 years,Somewhat affected,Mainly caused by climate change,,Very much,Very much,Very much,Very much,"Yes (If you wish, specify which kind of community partnership)",farm cluster,3 - Agree,3 - Agree,3 - Agree,3 - Agree,,,No,,,5-10%,5-10%,Yes,,,,,,,,2- Neither agree nor disagree,2- Neither agree nor disagree,2- Neither agree nor disagree,2- Neither agree nor disagree,2- Neither agree nor disagree,2- Neither agree nor disagree,soil improvement.,2- Neither agree nor disagree,2- Neither agree nor disagree,2- Neither agree nor disagree,2- Neither agree nor disagree,"Access to knowledge on implementation,Implementation costs",,Relationship with neighbours,
17/06/2025 02:52,17/06/2025 03:39,IP Address,100,2809,TRUE,17/06/2025 03:39,R_8VOL03Nt9xiCDsP,anonymous,EN,,I have read and understood the information provided and I agree to take part in this research project,Scotland,55 to 64,Woman,,"Higher education – postgraduate level (e.g. MA, MSc, PhD) ",,"£50,000 to £100,000",< 5 ha.,Non-Farming landowner ,,Lowland grazing livestock,,> 60%,No funding,,None,,,,,,Partly caused by climate change,,To some extent,No,No,No,No,,,,,,3 - Agree,2 - Neither agree nor disagree,No,,,Greater than 25%,Greater than 25%,No,,,,,,,,2- Neither agree nor disagree,3- Agree,2- Neither agree nor disagree,2- Neither agree nor disagree,3- Agree,3- Agree,"increase plant and habitat diversity to help improve biodiversity, improve soil health and wider ecosystem health",2- Neither agree nor disagree,1- Disagree,2- Neither agree nor disagree,1- Disagree,"Implementation costs,Maintenance costs,Policy uncertainty",,"Funding for collaborative action,Relationship with neighbours,Unequal contribution of resources from landscape-level partners",
17/06/2025 09:36,17/06/2025 09:42,IP Address,100,339,TRUE,17/06/2025 09:42,R_8felgbhofujTw3i,anonymous,EN,,I have read and understood the information provided and I agree to take part in this research project,East Anglia,55 to 64,Man,,"Higher education – postgraduate level (e.g. MA, MSc, PhD) ",,"£50,000 to £100,000",>250 ha,Farm worker,,"Cereals,LFA grazing livestock,Specialist pigs,Mixed",,10% to 20%,"Sustainable Farming Incentives (SFI),Country Stewardships (CS) ,Countryside Stewardships Higher Tier (CSHT),Capital Items,Water Management grants,Improving Farm Productivity grant",,"Flood ,Drought ,Wildfire,Disease:",,,,Once in the last five years,Somewhat affected,Partly caused by climate change,,To some extent,To some extent,To some extent,To some extent,"Yes (If you wish, specify which kind of community partnership)",upper wensum,3 - Agree,3 - Agree,3 - Agree,3 - Agree,,,No,,,Greater than 25%,Greater than 25%,No,,,,,,,,2- Neither agree nor disagree,3- Agree,3- Agree,3- Agree,3- Agree,3- Agree,profitability,1- Disagree,1- Disagree,2- Neither agree nor disagree,1- Disagree,"Access to knowledge on implementation,Maintenance costs,Policy uncertainty,Tax constraints,Planning constraints,Tenancy constraints",,Relationship with neighbours,
17/06/2025 17:16,17/06/2025 17:22,IP Address,100,345,TRUE,17/06/2025 17:22,R_855P2rkJaqhQWXL,anonymous,EN,,I have read and understood the information provided and I agree to take part in this research project,East Anglia,45 to 54,Woman,,"Higher education – postgraduate level (e.g. MA, MSc, PhD) ",,"£50,000 to £100,000",>250 ha,Farming landowner ,,"Cereals,Lowland grazing livestock",,20% to 30%,Country Stewardships (CS) ,,"Flood ,Drought ,Wildfire,Pests:",,,,More than once a year ,Somewhat affected,Mainly caused by climate change,,Very much,Very much,Very much,Very much,"Yes (If you wish, specify which kind of community partnership)",,3 - Agree,3 - Agree,3 - Agree,1 - Disagree,,,"Yes – Individually, on my farm,Yes – In collaboration, at the landscape level","River restoration,Wetland restoration,Hedgerows,Wildflower strips,Habitat creation",,10-25%,10-25%,Yes,3- Agree,2- Neither agree nor disagree,2- Neither agree nor disagree,2- Neither agree nor disagree,3- Agree,3- Agree,3- Agree,,,,,,,Improved water quality in the local river ,1- Disagree,1- Disagree,1- Disagree,1- Disagree,"Access to knowledge on implementation,Implementation costs,Maintenance costs,Skills/training,Land use conflicts with food production,Policy uncertainty,Tax constraints,Planning constraints",,Funding for collaborative action,
18/06/2025 04:52,18/06/2025 04:59,IP Address,100,390,TRUE,18/06/2025 04:59,R_21p9gRWhgNJKHAk,anonymous,EN,,I have read and understood the information provided and I agree to take part in this research project,Scotland,45 to 54,Woman,,"Higher education – undergraduate level (e.g. BA, BSc) ",,"£20,000 to £50,000",20 to 50 ha.,Farming landowner ,,"LFA grazing livestock,Other:",horses,40% to 50%,No funding,,"Flood ,Drought ",,,,More than once a year ,Somewhat affected,Partly caused by climate change,,No,To some extent,No,To some extent,No,,,,,,3 - Agree,2 - Neither agree nor disagree,"Yes – Individually, on my farm","Wetland restoration,Grassland restoration,Hedgerows,Habitat creation",,10-25%,5-10%,No,2- Neither agree nor disagree,3- Agree,3- Agree,3- Agree,2- Neither agree nor disagree,1- Disagree,3- Agree,,,,,,,"improved soil quality, better water infiltration, habitats for biodiversity, shade and shelter for livestock, natural anthelmintics",1- Disagree,1- Disagree,2- Neither agree nor disagree,1- Disagree,"Access to knowledge on implementation,Implementation costs,Maintenance costs,Skills/training,Data availability - unclear on the benefits,Policy uncertainty,Planning constraints",,"Funding for collaborative action,Relationship with neighbours,Landscape benefits don’t benefit my farm business,Unequal contribution of resources from landscape-level partners",
12/06/2025 08:54,18/06/2025 08:19,IP Address,100,516301,TRUE,18/06/2025 08:19,R_2Hug3pRccvXnlHn,anonymous,EN,,I have read and understood the information provided and I agree to take part in this research project,West Midlands,25 to 34,Man,,"Higher education – postgraduate level (e.g. MA, MSc, PhD) ",,"£20,000 to £50,000",100-250 ha.,Farming landowner ,,Cereals,,50% to 60%,"Sustainable Farming Incentives (SFI),Country Stewardships (CS) ",,"Drought ,Pests:",,Gout Fly in our cereal crops,,More than once a year ,Somewhat affected,Partly caused by climate change,,Very much,Very much,Very much,Very much,No,,,,,,3 - Agree,2 - Neither agree nor disagree,"Yes – In collaboration, at the landscape level","River restoration,Wetland restoration,Grassland restoration,Mob grazing,Agroforestry ,Hedgerows,Wildflower strips,Habitat creation",,1-5%,Greater than 25%,Yes,1- Disagree,3- Agree,2- Neither agree nor disagree,3- Agree,2- Neither agree nor disagree,3- Agree,3- Agree,,,,,,,Improved soil quality and overall reduction of our food production methods on the environment. Thus hopefully leading to a more sustainable and diverse future. ,3 - Agree,3 - Agree,2- Neither agree nor disagree,3 - Agree,"Implementation costs,Skills/training,Land use conflicts with food production,Policy uncertainty,Tenancy constraints,Other:",Risk - with margins so tight uptake is going to be very slow unless financial security is provided. i.e. people will try a little bit at a time. ,"Funding for collaborative action,Other:",Additional time created by collaboration. Not an issue in my opinion but will prevent some people participating. 
18/06/2025 10:36,18/06/2025 10:43,IP Address,100,409,TRUE,18/06/2025 10:43,R_2e2ht7mfRIjIDmm,anonymous,EN,,I have read and understood the information provided and I agree to take part in this research project,West Midlands,55 to 64,Man,,"Further education – college course, diploma, trade training, etc.",,"£10,000 to £20,000",5 to 20 ha.,Farming landowner ,,Cropping: Horticulture,,30% to 40%,Sustainable Farming Incentives (SFI),,"Flood ,Drought ,Pests:",,,,Once a year,Somewhat affected,Mainly caused by climate change,,To some extent,To some extent,Very much,Very much,No,,,,,,3 - Agree,2 - Neither agree nor disagree,No,,,10-25%,5-10%,I don't know,,,,,,,,2- Neither agree nor disagree,3- Agree,2- Neither agree nor disagree,2- Neither agree nor disagree,1- Disagree,2- Neither agree nor disagree,Healthier plants and soil plus more wildlife ,1- Disagree,1- Disagree,2- Neither agree nor disagree,1- Disagree,"Implementation costs,Maintenance costs,Limited time,Land use conflicts with food production,Planning constraints",,Funding for collaborative action,
18/06/2025 11:03,18/06/2025 11:13,IP Address,100,553,TRUE,18/06/2025 11:13,R_8e1OP9vHg1gFfXK,anonymous,EN,,I have read and understood the information provided and I agree to take part in this research project,South East,45 to 54,Woman,,"Higher education – undergraduate level (e.g. BA, BSc) ",,"£100,000 to £200,000",100-250 ha.,Farming landowner ,,Mixed,,> 60%,"Sustainable Farming Incentives (SFI),Countryside Stewardships Higher Tier (CSHT)",,"Flood ,Drought ",,,,Once a year,Somewhat affected,Partly caused by climate change,It is mainly due to soil destruction in my opinion,Very much,To some extent,Very much,To some extent,"Yes (If you wish, specify which kind of community partnership)",Farm cluster,3 - Agree,1 - Disagree,3 - Agree,2 - Neither agree nor disagree,,,"Yes – Individually, on my farm","Forest creation,Wetland restoration,Agroforestry ,Hedgerows,Wildflower strips,Habitat creation",,Greater than 25%,10-25%,Yes,1- Disagree,3- Agree,2- Neither agree nor disagree,1- Disagree,1- Disagree,3- Agree,3- Agree,,,,,,,"Soil quality improvement, reduced risk of flooding, better soil biology, better animal health, improved pest control ",1- Disagree,1- Disagree,3 - Agree,1- Disagree,"Access to knowledge on implementation,Implementation costs,Skills/training,Data availability - unclear on the benefits,Land use conflicts with food production,Policy uncertainty,Tax constraints",,"Funding for collaborative action,Landscape benefits don’t benefit my farm business",
18/06/2025 15:29,18/06/2025 15:50,IP Address,100,1274,TRUE,18/06/2025 15:50,R_2QHBeqZDqwmVual,anonymous,EN,,I have read and understood the information provided and I agree to take part in this research project,Scotland,>75 years old,Man,,"Higher education – postgraduate level (e.g. MA, MSc, PhD) ",,"£20,000 to £50,000",100-250 ha.,Farming landowner ,,LFA grazing livestock,,> 60%,No funding,,None,,,,,,Not at all caused by climate change,"Man driven CO2 does not drive climate change.  Other activities of mando impact local climte such as deforestation, soil destruction by intesive farming, channeling and diverting river systm etc.",No,No,No,No,No,,,,,,2 - Neither agree nor disagree,2 - Neither agree nor disagree,"Yes – Individually, on my farm","Mob grazing,Habitat creation",,Greater than 25%,1-5%,No,1- Disagree,3- Agree,3- Agree,3- Agree,2- Neither agree nor disagree,2- Neither agree nor disagree,2- Neither agree nor disagree,,,,,,,"The above, but most importanly improved profitaility as a result of significantly reduced costs",2- Neither agree nor disagree,1- Disagree,2- Neither agree nor disagree,1- Disagree,"Access to knowledge on implementation,Implementation costs,Skills/training,Data availability - unclear on the benefits,Land use conflicts with food production,Policy uncertainty",,Relationship with neighbours,
18/06/2025 17:23,18/06/2025 17:33,IP Address,100,601,TRUE,18/06/2025 17:33,R_2Q0XRF3VYye3MEp,anonymous,EN,,I have read and understood the information provided and I agree to take part in this research project,West Midlands,45 to 54,Man,,"Higher education – postgraduate level (e.g. MA, MSc, PhD) ",,"£10,000 to £20,000",< 5 ha.,"Non-Farming landowner ,Farm worker",,Cropping: Horticulture,,< 10%,Private sector - NGO,,"Drought ,Pests:",,Farm Birds,,Once a year,Somewhat affected,Mainly caused by climate change,,Very much,Very much,Very much,Very much,No,,,,,,2 - Neither agree nor disagree,3 - Agree,"Yes – In collaboration, at the landscape level","Wetland restoration,Agroforestry ",,1-5%,1-5%,Yes,2- Neither agree nor disagree,3- Agree,3- Agree,2- Neither agree nor disagree,3- Agree,3- Agree,3- Agree,,,,,,,Soil Health and Protection ,3 - Agree,3 - Agree,2- Neither agree nor disagree,2- Neither agree nor disagree,"Implementation costs,Data availability - unclear on the benefits,Land use conflicts with food production,Policy uncertainty,Tax constraints",,Funding for collaborative action,
12/06/2025 03:09,12/06/2025 03:11,IP Address,20,75,FALSE,19/06/2025 03:11,R_2D1DFbaSgbMfUpp,anonymous,EN,,I have read and understood the information provided and I agree to take part in this research project,South West,55 to 64,Woman,,"Higher education – postgraduate level (e.g. MA, MSc, PhD) ",,"£50,000 to £100,000",,,,,,,,,,,,,,,,,,,,,,,,,,,,,,,,,,,,,,,,,,,,,,,,,,,,,,,,
12/06/2025 02:53,12/06/2025 04:26,IP Address,37,5565,FALSE,19/06/2025 04:26,R_2zp7y0qjlkCM7sY,anonymous,EN,,I have read and understood the information provided and I agree to take part in this research project,South West,45 to 54,Woman,,GCSE or A-levels,,"£50,000 to £100,000",5 to 20 ha.,Farming landowner ,,Cropping: Horticulture,,< 10%,Country Stewardships (CS) ,,,,,,,,,,,,,,,,,,,,,,,,,,,,,,,,,,,,,,,,,,,,,,,,,
12/06/2025 07:42,12/06/2025 07:45,IP Address,3,161,FALSE,19/06/2025 07:45,R_27rgVzY2w6NEmDQ,anonymous,EN,,I have read and understood the information provided and I agree to take part in this research project,,,,,,,,,,,,,,,,,,,,,,,,,,,,,,,,,,,,,,,,,,,,,,,,,,,,,,,,,,,,,,,
19/06/2025 16:09,19/06/2025 16:29,IP Address,100,1234,TRUE,19/06/2025 16:29,R_80SevzPo40GL6XW,anonymous,EN,,I have read and understood the information provided and I agree to take part in this research project,East Anglia,65 to 74,Man,,Other:,none,"< £10,000",100-250 ha.,Farming landowner ,,"Cereals,Other:",mid term  ski,< 10%,"Sustainable Farming Incentives (SFI),Country Stewardships (CS) ,Capital Items",,"Flood ,Drought ",,,,Once a year,Somewhat affected,Mainly caused by climate change,,Very much,To some extent,Very much,To some extent,"Yes (If you wish, specify which kind of community partnership)",upper wen sum,3 - Agree,1 - Disagree,3 - Agree,1 - Disagree,,,No,,,Greater than 25%,Greater than 25%,Yes,,,,,,,,2- Neither agree nor disagree,2- Neither agree nor disagree,1- Disagree,3- Agree,3- Agree,2- Neither agree nor disagree,greater income,1- Disagree,1- Disagree,1- Disagree,1- Disagree,"Maintenance costs,Limited time,Policy uncertainty,Tax constraints,Planning constraints,Other:","wether
",Other:,income ihtax
13/06/2025 01:16,13/06/2025 01:34,IP Address,3,1026,FALSE,20/06/2025 01:34,R_8r7d8vFnL52hEMi,anonymous,EN,,I have read and understood the information provided and I agree to take part in this research project,,,,,,,,,,,,,,,,,,,,,,,,,,,,,,,,,,,,,,,,,,,,,,,,,,,,,,,,,,,,,,,
22/06/2025 13:42,22/06/2025 13:54,IP Address,100,713,TRUE,22/06/2025 13:54,R_8EZ47DNiaUiK5Qp,anonymous,EN,,I have read and understood the information provided and I agree to take part in this research project,South East,25 to 34,Woman,,"Further education – college course, diploma, trade training, etc.",,"£10,000 to £20,000",5 to 20 ha.,Farm worker,,Dairy,,10% to 20%,Landscape Recovery ,,"Drought ,Disease:",,,,Once every 2-3 years,Somewhat affected,Partly caused by climate change,,No,No,No,No,"Yes (If you wish, specify which kind of community partnership)",,1 - Disagree,1 - Disagree,1 - Disagree,1 - Disagree,,,"Yes – Individually, on my farm,Yes – In collaboration, at the landscape level",Wetland restoration,,5-10%,5-10%,No,1- Disagree,1- Disagree,1- Disagree,1- Disagree,1- Disagree,1- Disagree,1- Disagree,,,,,,,Dhncf,1- Disagree,1- Disagree,1- Disagree,1- Disagree,Maintenance costs,,"Funding for collaborative action,Landscape benefits don’t benefit my farm business",
16/06/2025 03:11,16/06/2025 03:12,IP Address,20,57,FALSE,23/06/2025 03:12,R_8NzdCUsZGdQdqhm,anonymous,EN,,I have read and understood the information provided and I agree to take part in this research project,East Anglia,25 to 34,Woman,,"Higher education – undergraduate level (e.g. BA, BSc) ",,"£10,000 to £20,000",,,,,,,,,,,,,,,,,,,,,,,,,,,,,,,,,,,,,,,,,,,,,,,,,,,,,,,,
16/06/2025 12:55,16/06/2025 12:55,IP Address,3,18,FALSE,23/06/2025 12:55,R_8mJBX3lBMxhPAWt,anonymous,EN,,I have read and understood the information provided and I agree to take part in this research project,,,,,,,,,,,,,,,,,,,,,,,,,,,,,,,,,,,,,,,,,,,,,,,,,,,,,,,,,,,,,,,
23/06/2025 15:17,23/06/2025 15:21,IP Address,100,283,TRUE,23/06/2025 15:21,R_2wFsVra6FSrkxZA,anonymous,EN,,I have read and understood the information provided and I agree to take part in this research project,South West,25 to 34,Woman,,"Higher education – undergraduate level (e.g. BA, BSc) ",,"£10,000 to £20,000",< 5 ha.,Farm business tenancy (FBT),,Cropping: Horticulture,,10% to 20%,Private sector - NGO,,"Flood ,Drought ",,,,More than once a year ,Severely affected,Mainly caused by climate change,,Very much,Very much,Very much,Very much,"Yes (If you wish, specify which kind of community partnership)",Cluster ,3 - Agree,3 - Agree,3 - Agree,3 - Agree,,,"Yes – Individually, on my farm","Agroforestry ,Hedgerows,Wildflower strips,Habitat creation",,1-5%,5-10%,Yes,2- Neither agree nor disagree,3- Agree,3- Agree,3- Agree,3- Agree,3- Agree,3- Agree,,,,,,,"Community resilience, adaptation ",1- Disagree,1- Disagree,1- Disagree,1- Disagree,"Implementation costs,Maintenance costs",,Funding for collaborative action,
23/06/2025 15:29,23/06/2025 15:37,IP Address,100,472,TRUE,23/06/2025 15:37,R_8dzRONYTCMM9LxV,anonymous,EN,,I have read and understood the information provided and I agree to take part in this research project,North West,35 to 44,Woman,,"Higher education – undergraduate level (e.g. BA, BSc) ",,"£20,000 to £50,000",50 to 100 ha.,Farm business tenancy (FBT),,LFA grazing livestock,,> 60%,"Sustainable Farming Incentives (SFI),Farming in Protected Landscapes programme (FiPL),Private sector - NGO",,Drought ,,,,Once every 2-3 years,Somewhat affected,Mainly caused by climate change,,Very much,To some extent,Very much,Very much,No,,,,,,3 - Agree,2 - Neither agree nor disagree,"Yes – Individually, on my farm","Grassland restoration,Mob grazing,Hedgerows,Habitat creation",,Greater than 25%,5-10%,I don't know,2- Neither agree nor disagree,3- Agree,2- Neither agree nor disagree,3- Agree,3- Agree,3- Agree,3- Agree,,,,,,,Primarily feeling that I am doing something tangible in the face of biodiversity loss.,2- Neither agree nor disagree,1- Disagree,1- Disagree,1- Disagree,"Access to knowledge on implementation,Implementation costs,Maintenance costs,Skills/training,Data availability - unclear on the benefits,Land use conflicts with food production,Policy uncertainty,Tenancy constraints",,"Funding for collaborative action,Relationship with neighbours",
23/06/2025 16:25,23/06/2025 16:35,IP Address,100,600,TRUE,23/06/2025 16:35,R_82gqziFJZsgy4a7,anonymous,EN,,I have read and understood the information provided and I agree to take part in this research project,West Midlands,35 to 44,Man,,"Further education – college course, diploma, trade training, etc.",,"< £10,000",< 5 ha.,Farm worker,,Other:,Vegetable and fruits ,< 10%,No funding,,"Drought ,Disease:,Other:",,, seasonal changes ,More than once a year ,Severely affected,,"Caused by human impact in our upper and lower climate, cloud seeding and geoengineering ",Very much,Very much,Very much,Very much,No,,,,,,3 - Agree,3 - Agree,"Yes – Individually, on my farm,Yes – In collaboration, at the landscape level","Forest creation,Grassland restoration,Agroforestry ,Hedgerows,Wildflower strips,Habitat creation",,10-25%,10-25%,Yes,1- Disagree,3- Agree,3- Agree,3- Agree,1- Disagree,3- Agree,3- Agree,,,,,,,It improves the environment which results in better outcome for nature and food production ,1- Disagree,1- Disagree,1- Disagree,1- Disagree,"Policy uncertainty,Tax constraints,Planning constraints,Tenancy constraints",,"Funding for collaborative action,Relationship with neighbours",
17/06/2025 02:35,17/06/2025 02:42,IP Address,20,414,FALSE,24/06/2025 02:42,R_2CH4DmekuvvFJop,anonymous,EN,,I have read and understood the information provided and I agree to take part in this research project,South West,35 to 44,Man,,"Higher education – undergraduate level (e.g. BA, BSc) ",,"£20,000 to £50,000",,,,,,,,,,,,,,,,,,,,,,,,,,,,,,,,,,,,,,,,,,,,,,,,,,,,,,,,
17/06/2025 02:51,17/06/2025 02:51,IP Address,3,19,FALSE,24/06/2025 02:51,R_2UHq08VwqA1bDGh,anonymous,EN,,I have read and understood the information provided and I agree to take part in this research project,,,,,,,,,,,,,,,,,,,,,,,,,,,,,,,,,,,,,,,,,,,,,,,,,,,,,,,,,,,,,,,
17/06/2025 02:58,17/06/2025 03:04,IP Address,0,382,FALSE,24/06/2025 03:04,R_2JlT7UL3uHsaBnH,anonymous,EN,,I have read and understood the information provided and I agree to take part in this research project,,,,,,,,,,,,,,,,,,,,,,,,,,,,,,,,,,,,,,,,,,,,,,,,,,,,,,,,,,,,,,,
24/06/2025 03:23,24/06/2025 03:29,IP Address,100,339,TRUE,24/06/2025 03:29,R_2krTdhZfEryZSdX,anonymous,EN,,I have read and understood the information provided and I agree to take part in this research project,Scotland,35 to 44,Woman,,"Higher education – undergraduate level (e.g. BA, BSc) ",,"£10,000 to £20,000",< 5 ha.,Farm worker,,Cropping: Horticulture,,40% to 50%,Other private company,,"Drought ,Pests:",,,,Once a year,Somewhat affected,Mainly caused by climate change,,To some extent,To some extent,Very much,Very much,No,,,,,,3 - Agree,3 - Agree,"Yes – Individually, on my farm","Agroforestry ,Hedgerows,Wildflower strips,Habitat creation",,10-25%,10-25%,Yes,1- Disagree,3- Agree,3- Agree,2- Neither agree nor disagree,2- Neither agree nor disagree,3- Agree,3- Agree,,,,,,,Improved soil health and biodiversity ,1- Disagree,1- Disagree,2- Neither agree nor disagree,1- Disagree,"Access to knowledge on implementation,Implementation costs,Skills/training,Limited time,Tenancy constraints",,"Funding for collaborative action,Unequal contribution of resources from landscape-level partners",
24/06/2025 03:42,24/06/2025 03:51,IP Address,100,541,TRUE,24/06/2025 03:51,R_8B6y1Y4mtFNPZoR,anonymous,EN,,I have read and understood the information provided and I agree to take part in this research project,South West,35 to 44,Man,,"Higher education – undergraduate level (e.g. BA, BSc) ",,"£20,000 to £50,000",20 to 50 ha.,Farming landowner ,,Lowland grazing livestock,,50% to 60%,"Sustainable Farming Incentives (SFI),Country Stewardships (CS) ",,"Drought ,Disease:,Pests:",Schmalenburg,"Rabbit, deer and fox",,Once a year,Somewhat affected,Partly caused by climate change,,To some extent,To some extent,To some extent,To some extent,No,,,,,,3 - Agree,2 - Neither agree nor disagree,"Yes – Individually, on my farm","Mob grazing,Agroforestry ,Hedgerows,Habitat creation",,Greater than 25%,Greater than 25%,I don't know,2- Neither agree nor disagree,3- Agree,2- Neither agree nor disagree,1- Disagree,3- Agree,2- Neither agree nor disagree,1- Disagree,,,,,,,Improved health of the ecosystem within the farming landscape leading to a more resilient landscape which is better able to deal with extremes of conditions and actions. ,1- Disagree,1- Disagree,1- Disagree,1- Disagree,"Access to knowledge on implementation,Implementation costs,Maintenance costs,Limited time,Data availability - unclear on the benefits,Land use conflicts with food production,Policy uncertainty,Tax constraints,Planning constraints",,"Funding for collaborative action,Relationship with neighbours,Unequal contribution of resources from landscape-level partners",
24/06/2025 04:10,24/06/2025 04:28,IP Address,100,1098,TRUE,24/06/2025 04:28,R_2mETkCk3r5W5xRv,anonymous,EN,,I have read and understood the information provided and I agree to take part in this research project,South West,45 to 54,Man,,"Further education – college course, diploma, trade training, etc.",,"£20,000 to £50,000",< 5 ha.,Farming landowner ,,"Cropping: Horticulture,Lowland grazing livestock,Specialist pigs,Specialist poultry,Mixed,Other:",Tree nursery ,10% to 20%,"Other private company,Other:",Highways grant -accessible compost toilet.....  rivers authority great crested newt pond,Drought ,,,,More than once a year ,Somewhat affected,Mainly caused by climate change,,To some extent,To some extent,To some extent,To some extent,"Yes (If you wish, specify which kind of community partnership)",Coop.... Ecological Land Cooperative ,3 - Agree,3 - Agree,3 - Agree,3 - Agree,,,"Yes – Individually, on my farm","Wetland restoration,Grassland restoration,Mob grazing,Agroforestry ,Hedgerows,Habitat creation,Other:",Pond ,Greater than 25%,Greater than 25%,Yes,1- Disagree,3- Agree,3- Agree,3- Agree,1- Disagree,3- Agree,3- Agree,,,,,,,Soil capturing carbon... less rain runoff...healthier plants means healthier animals... higher nutrient food.... more wildlife means healthier ecosystem... on and on ..... ,3 - Agree,2- Neither agree nor disagree,2- Neither agree nor disagree,2- Neither agree nor disagree,"Access to knowledge on implementation,Implementation costs,Maintenance costs,Skills/training,Limited time,Data availability - unclear on the benefits,Land use conflicts with food production,Tenancy constraints",,"Funding for collaborative action,Relationship with neighbours",
24/06/2025 03:52,24/06/2025 04:30,IP Address,100,2284,TRUE,24/06/2025 04:30,R_80eFCv9b0rGR9Pl,anonymous,EN,,I have read and understood the information provided and I agree to take part in this research project,Scotland,25 to 34,Woman,,"Higher education – undergraduate level (e.g. BA, BSc) ",,"£50,000 to £100,000",>250 ha,Farming landowner ,,"Cereals,Dairy",,30% to 40%,"Sustainable Farming Incentives (SFI),Country Stewardships (CS) ",,Drought ,,,,Once every 2-3 years,Somewhat affected,Mainly caused by climate change,,To some extent,To some extent,No,No,No,,,,,,3 - Agree,3 - Agree,No,,,1-5%,5-10%,I don't know,,,,,,,,1- Disagree,3- Agree,3- Agree,3- Agree,1- Disagree,2- Neither agree nor disagree,"Using the four ecosystem processes (mineral, sunlight, nutrient and water) to generate healthier soils",1- Disagree,1- Disagree,3 - Agree,1- Disagree,"Skills/training,Limited time,Data availability - unclear on the benefits,Tenancy constraints",,Funding for collaborative action,
24/06/2025 04:30,24/06/2025 04:48,IP Address,100,1121,TRUE,24/06/2025 04:48,R_86f0XMeZtymJrBA,anonymous,EN,,I have read and understood the information provided and I agree to take part in this research project,South West,55 to 64,Woman,,"Higher education – undergraduate level (e.g. BA, BSc) ",,"£20,000 to £50,000",< 5 ha.,Farming landowner ,,"Cropping: Horticulture,Specialist pigs,Specialist poultry,Other:",Apple tree nursery ,< 10%,Other:,National Highways - Compost Accessible Toilets; Somerset Rivers Authority - trees & hedges & FWAG Great Crested Newt Pond,"Flood ,Drought ,Pests:",,,,Once every 2-3 years,Somewhat affected,Mainly caused by climate change,,To some extent,No,No,No,"Yes (If you wish, specify which kind of community partnership)",Ecological Land Cooperative ,2 - Neither agree nor disagree,3 - Agree,3 - Agree,3 - Agree,,,"Yes – Individually, on my farm,Yes – In collaboration, at the landscape level","Mob grazing,Agroforestry ,Hedgerows,Wildflower strips,Habitat creation",,Greater than 25%,Greater than 25%,Yes,1- Disagree,3- Agree,3- Agree,1- Disagree,1- Disagree,3- Agree,2- Neither agree nor disagree,,,,,,,"Imp. Soil quality, imp nature - more diverse number of plants birds animals insects, solutions to climate changes, greater productivity,  premium prices, greater community involvement, healthier society, less strain on services, better nutrient dense foods, downfall of the supermarkets ",2- Neither agree nor disagree,2- Neither agree nor disagree,2- Neither agree nor disagree,1- Disagree,"Access to knowledge on implementation,Implementation costs,Skills/training,Policy uncertainty",,Other:,Education  and financial incentives 
17/06/2025 06:21,17/06/2025 06:29,IP Address,40,449,FALSE,24/06/2025 06:29,R_8rMHqH63lrdg56N,anonymous,EN,,I have read and understood the information provided and I agree to take part in this research project,Scotland,55 to 64,Woman,,"Higher education – postgraduate level (e.g. MA, MSc, PhD) ",,"£50,000 to £100,000",20 to 50 ha.,Farming landowner ,,"LFA grazing livestock,Other:","rewilding? currently ungrazed, stock probably on soon",> 60%,Other:,New entrant - awaiting AECS decision,None,,,,,,,,,,,,,,,,,,,,,,,,,,,,,,,,,,,,,,,,,,,,,,,
24/06/2025 07:09,24/06/2025 07:25,IP Address,100,976,TRUE,24/06/2025 07:25,R_20411d3kVzTRomR,anonymous,EN,,I have read and understood the information provided and I agree to take part in this research project,East Anglia,55 to 64,Woman,,"Higher education – undergraduate level (e.g. BA, BSc) ",,"£10,000 to £20,000",< 5 ha.,Other:,Agricultural student and business coach/consultant ,Other:,Regenerative Agriculture practices ,< 10%,No funding,,None,,,,,,Not at all caused by climate change,,To some extent,To some extent,To some extent,To some extent,No,,,,,,3 - Agree,3 - Agree,No,,,Greater than 25%,Greater than 25%,Yes,,,,,,,,1- Disagree,3- Agree,3- Agree,1- Disagree,1- Disagree,3- Agree,"Farming is subject to ""production"" metrics and treated like a ""factory""
Many of the ""climate"" issues and human disease issues can be solved by eliminating the pesticides, artificial fertilisers, GM seeds etc.
Nature is our blueprint and template for sustainable food production.  The ""old"" ways of farming e.g. rotating crops, working with the seasons and allowing natural pests to exterminate weeds etc takes time but it works
The soil is weakened and depleted by the external application of slurry, artificial fertilisers etc
Removal of trees and hedges to allow huge mass production machinery to easily manoeuvre has created vast deserts of farm fields allowing the rich topsoil to be blown or washed away and creating compacted surfaces which repel water means drought conditions happen faster.
Inadequate water systems capturing rain water in winter for use during dryer months.
The compacted soil just floods in winter and doesn't enable the earth to maintain moisture
Similarly the removal of trees and hedges provides no shelter for animals or shade for hedgerow plant and animal diversity
The pesticide companies, artificial fertiliser companies etc need to stop interfering in the natural cycles ✋️ 
They need to start understanding nature and supporting the earth to return to.the sustainable blueprint we had before industrial food production
Education at every level - local food cooperative - people buying from farm shops - ""big food"" banned from making farmers plough whole harvests into the ground because of their greed
The whole end to end system requires radical change
Farmers need support - not scorn
Farmers need gratitude- not family farm taxes
People need to reconnect to the earth and what they eat - understand the source and be encouraged to grow their own too.",1- Disagree,1- Disagree,2- Neither agree nor disagree,1- Disagree,"Access to knowledge on implementation,Implementation costs,Maintenance costs,Skills/training,Limited time,Data availability - unclear on the benefits,Land use conflicts with food production,Policy uncertainty,Tax constraints,Planning constraints,Tenancy constraints,Other:","Lack of education, understanding, connection to the land, inadequate appreciation and support for farmers
Greedy development companies taking greenbelt to build
Parliament with no understanding or care of the land ","Funding for collaborative action,Relationship with neighbours,Landscape benefits don’t benefit my farm business,Unequal contribution of resources from landscape-level partners",
24/06/2025 07:32,24/06/2025 07:44,IP Address,100,667,TRUE,24/06/2025 07:44,R_2iU4mtZ7fLS4lIU,anonymous,EN,,I have read and understood the information provided and I agree to take part in this research project,East Midlands,35 to 44,Woman,,"Higher education – undergraduate level (e.g. BA, BSc) ",,"£20,000 to £50,000",100-250 ha.,Farming landowner ,,"Cereals,Lowland grazing livestock,Specialist pigs,Specialist poultry,Mixed",,50% to 60%,"Country Stewardships (CS) ,Private sector - Water company",,None,,,,,,Mainly caused by climate change,Man has contributed to these elements too with the use of fossil fuels and over development ,Very much,To some extent,Very much,Very much,"Yes (If you wish, specify which kind of community partnership)",We have our own CIC where we offer field to fork education and share information with other community groups,3 - Agree,3 - Agree,3 - Agree,3 - Agree,,,"Yes – Individually, on my farm","Grassland restoration,Hedgerows,Wildflower strips,Habitat creation",,5-10%,1-5%,Yes,2- Neither agree nor disagree,2- Neither agree nor disagree,3- Agree,3- Agree,2- Neither agree nor disagree,3- Agree,2- Neither agree nor disagree,,,,,,,"Improved biodiversity, improved soil quality, more people can appreciate and understand how we farm in conjunction with nature",2- Neither agree nor disagree,2- Neither agree nor disagree,2- Neither agree nor disagree,2- Neither agree nor disagree,"Implementation costs,Maintenance costs,Skills/training,Land use conflicts with food production",,"Funding for collaborative action,Other:","Sometimes it is difficult to create collaborative action with neighbors as we all have so much to deal with and prioritise. Having pilot projects that inspire others, no necessarily clusters, should be promoted"
17/06/2025 02:53,17/06/2025 07:55,IP Address,0,18080,FALSE,24/06/2025 07:55,R_2Qh06J0I7jTVudC,anonymous,EN,,I have read and understood the information provided and I agree to take part in this research project,,,,,,,,,,,,,,,,,,,,,,,,,,,,,,,,,,,,,,,,,,,,,,,,,,,,,,,,,,,,,,,
24/06/2025 07:46,24/06/2025 08:00,IP Address,100,809,TRUE,24/06/2025 08:00,R_84IcFvchfiIplHm,anonymous,EN,,I have read and understood the information provided and I agree to take part in this research project,Yorkshire and Humber,45 to 54,Man,,"Higher education – postgraduate level (e.g. MA, MSc, PhD) ",,"£50,000 to £100,000",100-250 ha.,Farming landowner ,,LFA grazing livestock,,50% to 60%,"Sustainable Farming Incentives (SFI),Country Stewardships (CS) ,Countryside Stewardships Higher Tier (CSHT),Farming in Protected Landscapes programme (FiPL),Other:",Grow Back Greener / Rivers Trust funding,"Flood ,Drought ",,,,More than once a year ,Not affected at all,Partly caused by climate change,We have always suffered flooding and excessive rain - is it climate change (probably) or natural cycles? ,To some extent,To some extent,To some extent,To some extent,"Yes (If you wish, specify which kind of community partnership)",Very loosely,3 - Agree,2 - Neither agree nor disagree,3 - Agree,2 - Neither agree nor disagree,,,"Yes – Individually, on my farm,Yes – In collaboration, at the landscape level","Wetland restoration,Grassland restoration,Hedgerows,Habitat creation",,Greater than 25%,Greater than 25%,Yes,1- Disagree,3- Agree,2- Neither agree nor disagree,3- Agree,2- Neither agree nor disagree,2- Neither agree nor disagree,3- Agree,,,,,,,Public perception / supply chain appeasement / soil quality / water quality / land stabilisation / reduced flood risk down stream etc. ,2- Neither agree nor disagree,1- Disagree,1- Disagree,1- Disagree,"Access to knowledge on implementation,Implementation costs,Maintenance costs,Skills/training,Limited time,Data availability - unclear on the benefits,Land use conflicts with food production,Policy uncertainty,Tax constraints,Planning constraints,Tenancy constraints,Other:",So much uncertainty right now. No apparent Defra support and no sign of green finance ,"Funding for collaborative action,Relationship with neighbours,Other:",Knowledge & skills to implement change 
24/06/2025 09:04,24/06/2025 09:09,IP Address,100,293,TRUE,24/06/2025 09:09,R_8Xo0xB30RyMccwj,anonymous,EN,,I have read and understood the information provided and I agree to take part in this research project,East Midlands,35 to 44,Woman,,GCSE or A-levels,,"£100,000 to £200,000",< 5 ha.,"Farming landowner ,Other:",,Mixed,,> 60%,No funding,,"Flood ,Drought ,Wildfire,Disease:",,,,More than once a year ,Somewhat affected,Mainly caused by climate change,,Very much,Very much,Very much,Very much,No,,,,,,3 - Agree,3 - Agree,No,,,5-10%,10-25%,Yes,,,,,,,,3- Agree,3- Agree,3- Agree,3- Agree,3- Agree,3- Agree,Working in harmony with the land ,2- Neither agree nor disagree,2- Neither agree nor disagree,2- Neither agree nor disagree,2- Neither agree nor disagree,"Access to knowledge on implementation,Implementation costs,Skills/training,Limited time,Data availability - unclear on the benefits,Land use conflicts with food production,Policy uncertainty,Tax constraints,Planning constraints,Tenancy constraints",,"Funding for collaborative action,Relationship with neighbours,Landscape benefits don’t benefit my farm business,Unequal contribution of resources from landscape-level partners",
24/06/2025 09:50,24/06/2025 10:06,IP Address,100,930,TRUE,24/06/2025 10:06,R_8gMIfLGmr2SWXHk,anonymous,EN,,I have read and understood the information provided and I agree to take part in this research project,East Midlands,65 to 74,Man,,"Further education – college course, diploma, trade training, etc.",,"> £200,000",>250 ha,Other:,Farming entrepreneur,"Cereals,Lowland grazing livestock,Mixed,Other:","Pulses, trees, solar, plant oils, ",> 60%,"Sustainable Farming Incentives (SFI),Country Stewardships (CS) ,Landscape Recovery ,Capital Items,Farming in Protected Landscapes programme (FiPL),Other:",Self funding ,"Flood ,Drought ,Disease:,Pests:,Other:",TB ,Friendly ones ,"Staff shortage, lack of return on investment ",Once a year,Somewhat affected,,Always been seasonal weather patterns and desease ,To some extent,To some extent,To some extent,To some extent,"Yes (If you wish, specify which kind of community partnership)","PFL, NFFN, Lincolnshire Wolds ",3 - Agree,3 - Agree,3 - Agree,3 - Agree,,,"Yes – Individually, on my farm","River restoration,Forest reforestation or restoration,Forest creation,Wetland restoration,Grassland restoration,Mob grazing,Agroforestry ,Hedgerows,Wildflower strips,Habitat creation,Other:",Real time monitoring ,Greater than 25%,Greater than 25%,Yes,2- Neither agree nor disagree,3- Agree,2- Neither agree nor disagree,3- Agree,1- Disagree,3- Agree,3- Agree,,,,,,,More resilient farming ,3 - Agree,2- Neither agree nor disagree,2- Neither agree nor disagree,2- Neither agree nor disagree,"Access to knowledge on implementation,Skills/training,Policy uncertainty,Tax constraints,Planning constraints,Other:","Market for products
Taking the public on the journey 
Education
Mentorship

","Relationship with neighbours,Other:",Having similar objectives 
24/06/2025 15:30,24/06/2025 15:36,IP Address,100,365,TRUE,24/06/2025 15:36,R_2DOvRMF6LX9bO8O,anonymous,EN,,I have read and understood the information provided and I agree to take part in this research project,South East,35 to 44,Woman,,"Higher education – undergraduate level (e.g. BA, BSc) ",,"£20,000 to £50,000",5 to 20 ha.,Family member,,Mixed,,> 60%,"Sustainable Farming Incentives (SFI),Farming in Protected Landscapes programme (FiPL)",,"Flood ,Drought ",,,,Once a year,Somewhat affected,Mainly caused by climate change,,Very much,Very much,Very much,Very much,No,,,,,,3 - Agree,3 - Agree,"Yes – Individually, on my farm","Mob grazing,Hedgerows,Wildflower strips",,Greater than 25%,Greater than 25%,Yes,1- Disagree,3- Agree,3- Agree,3- Agree,2- Neither agree nor disagree,3- Agree,3- Agree,,,,,,,Everything!,2- Neither agree nor disagree,2- Neither agree nor disagree,3 - Agree,1- Disagree,"Access to knowledge on implementation,Maintenance costs,Land use conflicts with food production,Planning constraints,Tenancy constraints",,"Funding for collaborative action,Landscape benefits don’t benefit my farm business,Unequal contribution of resources from landscape-level partners",
17/06/2025 14:04,17/06/2025 15:43,IP Address,40,5923,FALSE,24/06/2025 15:43,R_8R1K2cnkyI8Cgxt,anonymous,EN,,I have read and understood the information provided and I agree to take part in this research project,Scotland,45 to 54,Woman,,"Higher education – postgraduate level (e.g. MA, MSc, PhD) ",,"£20,000 to £50,000",5 to 20 ha.,Farming landowner ,,"Cropping: Horticulture,Lowland grazing livestock",,40% to 50%,No funding,,Drought ,,,,,,,,,,,,,,,,,,,,,,,,,,,,,,,,,,,,,,,,,,,,,,,
17/06/2025 22:41,17/06/2025 22:42,IP Address,20,82,FALSE,24/06/2025 22:42,R_8htsZKD5IWZUtEt,anonymous,EN,,I have read and understood the information provided and I agree to take part in this research project,East Anglia,65 to 74,Woman,,"Higher education – postgraduate level (e.g. MA, MSc, PhD) ",,"£20,000 to £50,000",,,,,,,,,,,,,,,,,,,,,,,,,,,,,,,,,,,,,,,,,,,,,,,,,,,,,,,,
25/06/2025 00:48,25/06/2025 01:05,IP Address,100,1019,TRUE,25/06/2025 01:05,R_2lW86obvS3jKesN,anonymous,EN,,I have read and understood the information provided and I agree to take part in this research project,South East,25 to 34,Woman,,"Higher education – undergraduate level (e.g. BA, BSc) ",,"£10,000 to £20,000",< 5 ha.,Farm worker,,Cropping: Horticulture,,10% to 20%,No funding,,"Flood ,Other:",,,Have not been on this farm long enough to know ,Once a year,Severely affected,Partly caused by climate change,,Very much,Very much,Very much,Very much,No,,,,,,3 - Agree,2 - Neither agree nor disagree,"Yes – Individually, on my farm",Wildflower strips,,Greater than 25%,10-25%,I don't know,1- Disagree,3- Agree,3- Agree,3- Agree,2- Neither agree nor disagree,2- Neither agree nor disagree,3- Agree,,,,,,,Being able to sustain farming and food production in the medium and long term. Reduced pests and disease. Better health and well-being for farm workers. Improved water and soil quality. If we want to sustain human life on Earth then looking after our ecology is vital. ,1- Disagree,1- Disagree,2- Neither agree nor disagree,1- Disagree,"Access to knowledge on implementation,Implementation costs,Maintenance costs,Skills/training,Limited time,Land use conflicts with food production,Policy uncertainty,Planning constraints,Other:","We have such a low income for the amount of work we do, it’s hard to find the headspace and finances to consider adapting and experimenting with new nature based solutions. ","Funding for collaborative action,Other:",Some farmers are being kicked off their land because the land owner sees more financial benefits to rewilding than growing food. We need both to be happening together amd farmers to be resourced to prioritise nature based solutions 
25/06/2025 01:45,25/06/2025 02:02,IP Address,100,1014,TRUE,25/06/2025 02:02,R_2VstEjftxCNSvQt,anonymous,EN,,I have read and understood the information provided and I agree to take part in this research project,East Midlands,55 to 64,Man,,"Higher education – undergraduate level (e.g. BA, BSc) ",,"£10,000 to £20,000",100-250 ha.,Agricultural holdings tenancy (AH),,"Cereals,Lowland grazing livestock",,20% to 30%,"Sustainable Farming Incentives (SFI),Country Stewardships (CS) ",,"Flood ,Drought ",,,,Once every 2-3 years,Somewhat affected,Partly caused by climate change,Flooding also attributed to building development and associated drainage,To some extent,To some extent,Very much,Very much,No,,,,,,3 - Agree,3 - Agree,"Yes – Individually, on my farm,Yes – In collaboration, at the landscape level","Grassland restoration,Hedgerows,Wildflower strips,Habitat creation",,Greater than 25%,1-5%,Yes,2- Neither agree nor disagree,3- Agree,2- Neither agree nor disagree,2- Neither agree nor disagree,1- Disagree,2- Neither agree nor disagree,3- Agree,,,,,,,"Reducing a reliance on inputs, removing much of the impetus to specialize, rebuilding biodiversity on the farm",2- Neither agree nor disagree,1- Disagree,2- Neither agree nor disagree,1- Disagree,Policy uncertainty,,"Funding for collaborative action,Other:","Lack of integration with policy and implementation at local (eg district and county council)level.
Access to project coordinators (eg Natural England advisors) is clearly under-resourced"
25/06/2025 03:13,25/06/2025 03:21,IP Address,100,505,TRUE,25/06/2025 03:21,R_8UbdNCjv4s8CAHv,anonymous,EN,,I have read and understood the information provided and I agree to take part in this research project,South West,35 to 44,Man,,"Higher education – postgraduate level (e.g. MA, MSc, PhD) ",,"£10,000 to £20,000",< 5 ha.,Farm worker,,Cropping: Horticulture,,30% to 40%,Private sector - NGO,,"Flood ,Drought ,Disease:,Pests:",,,,More than once a year ,Severely affected,Mainly caused by climate change,,Very much,Very much,Very much,Very much,"Yes (If you wish, specify which kind of community partnership)",farm cluster,3 - Agree,3 - Agree,3 - Agree,3 - Agree,,,"Yes – Individually, on my farm","River restoration,Wetland restoration,Mob grazing,Agroforestry ,Hedgerows,Wildflower strips,Habitat creation",,Greater than 25%,Greater than 25%,Yes,1- Disagree,3- Agree,3- Agree,3- Agree,1- Disagree,3- Agree,3- Agree,,,,,,,building resilience ,1- Disagree,1- Disagree,2- Neither agree nor disagree,1- Disagree,"Access to knowledge on implementation,Implementation costs,Maintenance costs,Skills/training,Limited time,Policy uncertainty,Planning constraints,Tenancy constraints,Other:",lack of availability of long term funding ,"Funding for collaborative action,Other:","money needs to go to the farmers, or to effective eNGO's who have employed people educated and experienced in farming"
18/06/2025 07:39,18/06/2025 07:39,IP Address,0,27,FALSE,25/06/2025 07:39,R_2V2341pRMtfqcP7,anonymous,EN,,I have read and understood the information provided and I agree to take part in this research project,,,,,,,,,,,,,,,,,,,,,,,,,,,,,,,,,,,,,,,,,,,,,,,,,,,,,,,,,,,,,,,
18/06/2025 08:00,18/06/2025 09:10,IP Address,3,4184,FALSE,25/06/2025 09:10,R_8sUQdrOuIe9ZOAF,anonymous,EN,,I have read and understood the information provided and I agree to take part in this research project,,,,,,,,,,,,,,,,,,,,,,,,,,,,,,,,,,,,,,,,,,,,,,,,,,,,,,,,,,,,,,,
25/06/2025 12:22,25/06/2025 12:34,IP Address,100,693,TRUE,25/06/2025 12:34,R_87OKS37ub8fy7lb,anonymous,EN,,I have read and understood the information provided and I agree to take part in this research project,South West,55 to 64,Man,,"Further education – college course, diploma, trade training, etc.",,"£50,000 to £100,000",>250 ha,"Farm business tenancy (FBT),Agricultural holdings tenancy (AH)",,"Cereals,Lowland grazing livestock",,30% to 40%,"Sustainable Farming Incentives (SFI),Country Stewardships (CS) ,Capital Items,Improving Farm Productivity grant",,"Flood ,Drought ,Disease:,Pests:",,,,More than once a year ,Somewhat affected,Mainly caused by climate change,,Very much,To some extent,Very much,Very much,"Yes (If you wish, specify which kind of community partnership)",Farmer cluster,3 - Agree,3 - Agree,3 - Agree,3 - Agree,,,"Yes – Individually, on my farm","Grassland restoration,Hedgerows,Wildflower strips,Habitat creation",,Greater than 25%,1-5%,Yes,2- Neither agree nor disagree,3- Agree,3- Agree,3- Agree,3- Agree,3- Agree,2- Neither agree nor disagree,,,,,,,"Increasing wildlife corridors & habitats, increasing soil organic matter and structures, improving water quality and infiltration, improving air quality. ",1- Disagree,1- Disagree,3 - Agree,1- Disagree,"Land use conflicts with food production,Policy uncertainty",,Funding for collaborative action,
18/06/2025 13:11,18/06/2025 13:13,IP Address,20,105,FALSE,25/06/2025 13:13,R_298WAw0zb26Hj57,anonymous,EN,,I have read and understood the information provided and I agree to take part in this research project,Scotland,55 to 64,Woman,,"Higher education – postgraduate level (e.g. MA, MSc, PhD) ",,"£50,000 to £100,000",,,,,,,,,,,,,,,,,,,,,,,,,,,,,,,,,,,,,,,,,,,,,,,,,,,,,,,,
18/06/2025 13:49,18/06/2025 13:50,IP Address,20,70,FALSE,25/06/2025 13:50,R_8iHUUKZXgSTa9eq,anonymous,EN,,I have read and understood the information provided and I agree to take part in this research project,Wales,>75 years old,Woman,,"Higher education – undergraduate level (e.g. BA, BSc) ",,"£10,000 to £20,000",,,,,,,,,,,,,,,,,,,,,,,,,,,,,,,,,,,,,,,,,,,,,,,,,,,,,,,,
18/06/2025 07:20,18/06/2025 14:11,IP Address,20,24614,FALSE,25/06/2025 14:11,R_8p1ao1cgttuY2Nb,anonymous,EN,,I have read and understood the information provided and I agree to take part in this research project,Wales,65 to 74,Man,,GCSE or A-levels,,"£20,000 to £50,000",20 to 50 ha.,Farming landowner ,,LFA grazing livestock,,50% to 60%,Other:,Small Grants (Environment),,,,,,,,,,,,,,,,,,,,,,,,,,,,,,,,,,,,,,,,,,,,,,,,
26/06/2025 01:38,26/06/2025 01:52,IP Address,100,786,TRUE,26/06/2025 01:52,R_2b1VCxzc4jdTSTb,anonymous,EN,,I have read and understood the information provided and I agree to take part in this research project,South West,35 to 44,Man,,"Further education – college course, diploma, trade training, etc.",,"£10,000 to £20,000",100-250 ha.,Farming landowner ,,Lowland grazing livestock,,> 60%,Countryside Stewardships Higher Tier (CSHT),,"Flood ,Drought ",,,,Once every 2-3 years,Severely affected,Partly caused by climate change,,Very much,Very much,Very much,Very much,No,,,,,,3 - Agree,3 - Agree,"Yes – Individually, on my farm","Grassland restoration,Mob grazing,Hedgerows,Habitat creation",,Greater than 25%,Greater than 25%,I don't know,2- Neither agree nor disagree,2- Neither agree nor disagree,3- Agree,2- Neither agree nor disagree,3- Agree,3- Agree,3- Agree,,,,,,,Nature based solutions will improve soil quality/water etc.. but they will reduce food production as the land will be managed for nature rather than food. Which is fine as long as the government are sure of their food security.,3 - Agree,2- Neither agree nor disagree,1- Disagree,1- Disagree,"Access to knowledge on implementation,Implementation costs,Maintenance costs,Land use conflicts with food production,Planning constraints",,Relationship with neighbours,
19/06/2025 02:49,19/06/2025 02:56,IP Address,20,430,FALSE,26/06/2025 02:56,R_833SNnwOInrsael,anonymous,EN,,I have read and understood the information provided and I agree to take part in this research project,East Midlands,25 to 34,Man,,"Higher education – postgraduate level (e.g. MA, MSc, PhD) ",,"£50,000 to £100,000",,,,,,,,,,,,,,,,,,,,,,,,,,,,,,,,,,,,,,,,,,,,,,,,,,,,,,,,
26/06/2025 02:44,26/06/2025 03:19,IP Address,100,2076,TRUE,26/06/2025 03:19,R_8dox9EnqhuJamDH,anonymous,EN,,I have read and understood the information provided and I agree to take part in this research project,Wales,65 to 74,Woman,,"Higher education – postgraduate level (e.g. MA, MSc, PhD) ",,"£20,000 to £50,000",< 5 ha.,Farm business tenancy (FBT),,Cropping: Horticulture,,> 60%,No funding,,Drought ,,,,Once a year,Somewhat affected,Mainly caused by climate change,,To some extent,To some extent,Very much,Very much,No,,,,,,2 - Neither agree nor disagree,2 - Neither agree nor disagree,"Yes – Individually, on my farm,Yes – In collaboration, at the landscape level","Hedgerows,Wildflower strips,Habitat creation,Other:","pest management through encouraging pest predators through planting flowers that attract them and habitat (toads, insects, hedgehogs). My market garden is on a Wildlife Trust wilding site. ",Greater than 25%,Greater than 25%,No,1- Disagree,3- Agree,3- Agree,2- Neither agree nor disagree,1- Disagree,2- Neither agree nor disagree,3- Agree,,,,,,,"improved soil quality, improved water quality, increase in biodiversity, greater fertility, greater ability of the soil to hold water",2- Neither agree nor disagree,2- Neither agree nor disagree,2- Neither agree nor disagree,2- Neither agree nor disagree,"Access to knowledge on implementation,Implementation costs,Maintenance costs,Skills/training,Limited time,Data availability - unclear on the benefits,Policy uncertainty,Tax constraints",,Funding for collaborative action,
19/06/2025 06:15,19/06/2025 07:01,IP Address,3,2801,FALSE,26/06/2025 07:02,R_22g4wMkSztYt0nx,anonymous,EN,,I have read and understood the information provided and I agree to take part in this research project,,,,,,,,,,,,,,,,,,,,,,,,,,,,,,,,,,,,,,,,,,,,,,,,,,,,,,,,,,,,,,,
19/06/2025 11:09,19/06/2025 11:11,IP Address,3,98,FALSE,26/06/2025 11:11,R_2rBL6y5j8oWOAFW,anonymous,EN,,I have read and understood the information provided and I agree to take part in this research project,,,,,,,,,,,,,,,,,,,,,,,,,,,,,,,,,,,,,,,,,,,,,,,,,,,,,,,,,,,,,,,
26/06/2025 22:55,26/06/2025 23:04,IP Address,100,505,TRUE,26/06/2025 23:04,R_21SmQGcULMdKmFH,anonymous,EN,,I have read and understood the information provided and I agree to take part in this research project,South West,35 to 44,Man,,"Higher education – undergraduate level (e.g. BA, BSc) ",,"£50,000 to £100,000",20 to 50 ha.,Farm worker,,"Cropping: Horticulture,Lowland grazing livestock,Specialist poultry,Mixed",,50% to 60%,Water Management grants,,"Flood ,Disease:,Pests:","downy mildew, white rot","wireworm, spider mite",,More than once a year ,Somewhat affected,Mainly caused by climate change,,Very much,Very much,Very much,Very much,"Yes (If you wish, specify which kind of community partnership)",,3 - Agree,3 - Agree,3 - Agree,3 - Agree,,,"Yes – Individually, on my farm","River restoration,Forest creation,Agroforestry ,Hedgerows,Wildflower strips,Habitat creation",,10-25%,10-25%,I don't know,2- Neither agree nor disagree,3- Agree,3- Agree,3- Agree,1- Disagree,3- Agree,3- Agree,,,,,,,"Reduced pests, better soil health, increased water retention, less reliance on imported fertility, improved morale for workers",1- Disagree,1- Disagree,2- Neither agree nor disagree,1- Disagree,"Access to knowledge on implementation,Implementation costs,Maintenance costs,Skills/training,Limited time,Data availability - unclear on the benefits,Policy uncertainty,Planning constraints,Tenancy constraints",,"Funding for collaborative action,Relationship with neighbours",
26/06/2025 23:47,27/06/2025 00:02,IP Address,100,882,TRUE,27/06/2025 00:02,R_8M1iuZ1x1Z4yccF,anonymous,EN,,I have read and understood the information provided and I agree to take part in this research project,East Anglia,65 to 74,Man,,"Higher education – undergraduate level (e.g. BA, BSc) ",,"£50,000 to £100,000",100-250 ha.,Farming landowner ,,Cereals,,40% to 50%,"Sustainable Farming Incentives (SFI),Country Stewardships (CS) ,Capital Items,Farming in Protected Landscapes programme (FiPL)",,"Flood ,Drought ",,,,Once every 2-3 years,Somewhat affected,Partly caused by climate change,,To some extent,To some extent,To some extent,To some extent,"Yes (If you wish, specify which kind of community partnership)",Cluster ,3 - Agree,2 - Neither agree nor disagree,3 - Agree,2 - Neither agree nor disagree,,,"Yes – Individually, on my farm,Yes – In collaboration, at the landscape level","Hedgerows,Wildflower strips,Habitat creation",,10-25%,1-5%,Yes,1- Disagree,2- Neither agree nor disagree,2- Neither agree nor disagree,3- Agree,3- Agree,3- Agree,3- Agree,,,,,,,Sustainable future,3 - Agree,1- Disagree,3 - Agree,1- Disagree,"Implementation costs,Maintenance costs,Policy uncertainty",,No barriers at the landscape level,
21/06/2025 08:06,21/06/2025 08:07,IP Address,3,103,FALSE,28/06/2025 08:07,R_84btISDiK5FUniF,anonymous,EN,,I have read and understood the information provided and I agree to take part in this research project,,,,,,,,,,,,,,,,,,,,,,,,,,,,,,,,,,,,,,,,,,,,,,,,,,,,,,,,,,,,,,,
28/06/2025 09:09,28/06/2025 09:25,IP Address,100,926,TRUE,28/06/2025 09:25,R_8fxiT8x3NG5xxbw,anonymous,EN,,I have read and understood the information provided and I agree to take part in this research project,South West,35 to 44,Woman,,GCSE or A-levels,,"£10,000 to £20,000",5 to 20 ha.,Farm business tenancy (FBT),,"Cropping: Horticulture,Other:","Plant nursery, education, community farming ",> 60%,No funding,,"Flood ,Drought ",,,,Once in the last five years,Somewhat affected,Mainly caused by climate change,,To some extent,To some extent,To some extent,To some extent,No,,,,,,3 - Agree,3 - Agree,"Yes – Individually, on my farm","River restoration,Forest reforestation or restoration,Forest creation,Wetland restoration,Grassland restoration,Agroforestry ,Hedgerows,Wildflower strips,Habitat creation",,Greater than 25%,Greater than 25%,I don't know,1- Disagree,3- Agree,3- Agree,3- Agree,1- Disagree,3- Agree,3- Agree,,,,,,,"Protecting the ecosystem, more resilient to climate change, healthier food, food security ",1- Disagree,1- Disagree,1- Disagree,1- Disagree,"Access to knowledge on implementation,Implementation costs,Maintenance costs,Skills/training,Limited time,Land use conflicts with food production,Policy uncertainty,Tax constraints,Planning constraints,Tenancy constraints",,"Funding for collaborative action,Relationship with neighbours,Unequal contribution of resources from landscape-level partners",
01/07/2025 03:04,01/07/2025 03:17,IP Address,100,771,TRUE,01/07/2025 03:17,R_2Q6EIajhaNasvLj,anonymous,EN,,I have read and understood the information provided and I agree to take part in this research project,Yorkshire and Humber,45 to 54,Woman,,"Higher education – undergraduate level (e.g. BA, BSc) ",,"£50,000 to £100,000",>250 ha,Family member,,LFA grazing livestock,,10% to 20%,"Countryside Stewardships Higher Tier (CSHT),Farming in Protected Landscapes programme (FiPL)",,None,,,,,,Mainly caused by climate change,,No,No,To some extent,To some extent,No,,,,,,3 - Agree,1 - Disagree,"Yes – Individually, on my farm,Yes – In collaboration, at the landscape level","River restoration,Grassland restoration,Hedgerows,Habitat creation,Other:",Hay meadow restoration and holistic grazing to restore botanical biodiversity in upland pastures ,Greater than 25%,Greater than 25%,No,1- Disagree,3- Agree,3- Agree,3- Agree,1- Disagree,3- Agree,2- Neither agree nor disagree,,,,,,,"Resilience - land  less affected by extreme weather. Resilience - farm business more profitable as no reliance on inputs. Got rid of feeds, no fertiliser, no pesticides. Very little vet medicines, no routine workers etc. habitat in better condition, better insect life, more for birds to eat. Farm is now a working ecosystem with huge amounts of biodiversity ",3 - Agree,3 - Agree,3 - Agree,2- Neither agree nor disagree,"Skills/training,Policy uncertainty,Tenancy constraints,Other:","The time it’s taken post brexit to formulate policy - taken to long and created a lack of trust. 

Farmers slow though to take control of their own businesses and destiny and reliance on what’s always been done. Requires bravery to do something different but there is a lot of info and peer support from Pasture for Life, NFFN and other organisations. Farmers have to want something different for themselves though and NFU and industry doesn’t really support that ","Relationship with neighbours,Other:",Farmers don’t always like collaboration and can’t ever agree. Some don’t want to be involved 
24/06/2025 03:37,24/06/2025 03:37,IP Address,3,31,FALSE,01/07/2025 03:37,R_24vfaxeES5PI1hr,anonymous,EN,,I have read and understood the information provided and I agree to take part in this research project,,,,,,,,,,,,,,,,,,,,,,,,,,,,,,,,,,,,,,,,,,,,,,,,,,,,,,,,,,,,,,,
24/06/2025 03:27,24/06/2025 03:38,IP Address,90,621,FALSE,01/07/2025 03:38,R_8CqzIhArt7ubjId,anonymous,EN,,I have read and understood the information provided and I agree to take part in this research project,Yorkshire and Humber,65 to 74,Man,,"Further education – college course, diploma, trade training, etc.",,"£20,000 to £50,000",100-250 ha.,Farming landowner ,,Cereals,,50% to 60%,Sustainable Farming Incentives (SFI),,Drought ,,,,Once in the last five years,Somewhat affected,Partly caused by climate change,,To some extent,To some extent,To some extent,To some extent,No,,,,,,2 - Neither agree nor disagree,2 - Neither agree nor disagree,No,,,1-5%,Less than 1%,No,,,,,,,,2- Neither agree nor disagree,2- Neither agree nor disagree,2- Neither agree nor disagree,2- Neither agree nor disagree,2- Neither agree nor disagree,2- Neither agree nor disagree,May improve soil,,,,,,,,
24/06/2025 05:08,24/06/2025 05:09,IP Address,3,13,FALSE,01/07/2025 05:09,R_8HOHE2jNi1HvbeE,anonymous,EN,,I have read and understood the information provided and I agree to take part in this research project,,,,,,,,,,,,,,,,,,,,,,,,,,,,,,,,,,,,,,,,,,,,,,,,,,,,,,,,,,,,,,,
01/07/2025 05:45,01/07/2025 05:51,IP Address,100,342,TRUE,01/07/2025 05:51,R_8QxLr5S61CAIJ3v,anonymous,EN,,I have read and understood the information provided and I agree to take part in this research project,North West,< 24,Man,,"Further education – college course, diploma, trade training, etc.",,"£20,000 to £50,000",100-250 ha.,Farm business tenancy (FBT),,Dairy,,10% to 20%,"Country Stewardships (CS) ,Capital Items,Water Management grants,Private sector - Water company",,Flood ,,,,Once every 2-3 years,Somewhat affected,Partly caused by climate change,,To some extent,To some extent,Very much,Very much,No,,,,,,3 - Agree,3 - Agree,"Yes – Individually, on my farm,Yes – In collaboration, at the landscape level","Hedgerows,Habitat creation,Other:",Buffer strips along watercourses ,5-10%,1-5%,Yes,1- Disagree,3- Agree,2- Neither agree nor disagree,3- Agree,2- Neither agree nor disagree,1- Disagree,3- Agree,,,,,,,"All of the examples listed as well as alignment with farming benefits, e.g. fencing off watercourses for buffer strips also means the field can be better used for grwzing",1- Disagree,1- Disagree,2- Neither agree nor disagree,1- Disagree,"Access to knowledge on implementation,Implementation costs,Maintenance costs,Skills/training,Limited time,Data availability - unclear on the benefits,Policy uncertainty,Tenancy constraints",,Funding for collaborative action,
24/06/2025 06:31,24/06/2025 06:42,IP Address,20,676,FALSE,01/07/2025 06:42,R_2zIqyTqHaRqgEi6,anonymous,EN,,I have read and understood the information provided and I agree to take part in this research project,Wales,25 to 34,Woman,,"Higher education – postgraduate level (e.g. MA, MSc, PhD) ",,"< £10,000",,,,,,,,,,,,,,,,,,,,,,,,,,,,,,,,,,,,,,,,,,,,,,,,,,,,,,,,
01/07/2025 07:29,01/07/2025 07:35,IP Address,100,337,TRUE,01/07/2025 07:35,R_2HAkplOoCaRF8ww,anonymous,EN,,I have read and understood the information provided and I agree to take part in this research project,South West,45 to 54,Woman,,"Higher education – postgraduate level (e.g. MA, MSc, PhD) ",,"£100,000 to £200,000",5 to 20 ha.,Farming landowner ,,"Lowland grazing livestock,Specialist pigs,Specialist poultry",,< 10%,"Sustainable Farming Incentives (SFI),Country Stewardships (CS) ,Capital Items,Farming in Protected Landscapes programme (FiPL)",,"Flood ,Drought ",,,,Once a year,Somewhat affected,Partly caused by climate change,,Very much,To some extent,Very much,Very much,No,,,,,,3 - Agree,2 - Neither agree nor disagree,"Yes – Individually, on my farm","River restoration,Grassland restoration,Mob grazing,Habitat creation",,Greater than 25%,Greater than 25%,Yes,1- Disagree,3- Agree,2- Neither agree nor disagree,3- Agree,1- Disagree,3- Agree,3- Agree,,,,,,,"improved water quality 
",1- Disagree,1- Disagree,3 - Agree,1- Disagree,"Access to knowledge on implementation,Implementation costs,Maintenance costs,Skills/training,Limited time,Data availability - unclear on the benefits,Policy uncertainty",,"Funding for collaborative action,Relationship with neighbours",
24/06/2025 09:12,24/06/2025 09:13,IP Address,20,58,FALSE,01/07/2025 09:13,R_8cUGn0zLYRMgbzW,anonymous,EN,,I have read and understood the information provided and I agree to take part in this research project,South West,25 to 34,Woman,,"Higher education – undergraduate level (e.g. BA, BSc) ",,"£20,000 to £50,000",,,,,,,,,,,,,,,,,,,,,,,,,,,,,,,,,,,,,,,,,,,,,,,,,,,,,,,,
24/06/2025 09:28,24/06/2025 09:29,IP Address,20,44,FALSE,01/07/2025 09:29,R_8lSIIv4oYtxPTpP,anonymous,EN,,I have read and understood the information provided and I agree to take part in this research project,South East,55 to 64,Woman,,"Higher education – postgraduate level (e.g. MA, MSc, PhD) ",,"£20,000 to £50,000",,,,,,,,,,,,,,,,,,,,,,,,,,,,,,,,,,,,,,,,,,,,,,,,,,,,,,,,
01/07/2025 09:30,01/07/2025 09:40,IP Address,100,625,TRUE,01/07/2025 09:40,R_8U90384by7L5u4y,anonymous,EN,,I have read and understood the information provided and I agree to take part in this research project,South West,65 to 74,Woman,,"Higher education – postgraduate level (e.g. MA, MSc, PhD) ",,"£20,000 to £50,000",< 5 ha.,Farming landowner ,,"Cropping: Horticulture,Mixed,Other:",agroforestry,40% to 50%,"Country Stewardships (CS) ,Farming in Protected Landscapes programme (FiPL),Private sector - Water company,Other:",we are a social enterprise and attract various grants,"Drought ,Pests:",,"deer, rodents, plant predators",,More than once a year ,Somewhat affected,Partly caused by climate change,,To some extent,No,To some extent,To some extent,"Yes (If you wish, specify which kind of community partnership)",Abundant Life Farm Partnership,3 - Agree,3 - Agree,3 - Agree,3 - Agree,,,"Yes – Individually, on my farm,Yes – In collaboration, at the landscape level","Forest reforestation or restoration,Forest creation,Agroforestry ,Hedgerows,Wildflower strips,Habitat creation",,Greater than 25%,Less than 1%,No,1- Disagree,3- Agree,3- Agree,3- Agree,1- Disagree,3- Agree,3- Agree,,,,,,,all on your list plus improved pollination rates in our orchard and better yields. We have measured the numbers of species increases with ecological surveys (not just bioblitzs) across all 6 farms in our small network over just 12 months and have been blown away by the species numbers improving with simple interventions. We set baselines which we returned to. We also measured improvements in farmer well being.,3 - Agree,3 - Agree,3 - Agree,2- Neither agree nor disagree,"Access to knowledge on implementation,Skills/training,Limited time,Data availability - unclear on the benefits,Policy uncertainty",,"Funding for collaborative action,Relationship with neighbours",
24/06/2025 11:02,24/06/2025 11:03,IP Address,20,47,FALSE,01/07/2025 11:03,R_8lYV6aIgrF5U4Mu,anonymous,EN,,I have read and understood the information provided and I agree to take part in this research project,South East,55 to 64,Man,,GCSE or A-levels,,"< £10,000",,,,,,,,,,,,,,,,,,,,,,,,,,,,,,,,,,,,,,,,,,,,,,,,,,,,,,,,
24/06/2025 11:42,24/06/2025 11:59,IP Address,20,1009,FALSE,01/07/2025 11:59,R_8Ldx9LpNOxmU7SR,anonymous,EN,,I have read and understood the information provided and I agree to take part in this research project,Scotland,35 to 44,Woman,,"Higher education – undergraduate level (e.g. BA, BSc) ",,"£20,000 to £50,000",,,,,,,,,,,,,,,,,,,,,,,,,,,,,,,,,,,,,,,,,,,,,,,,,,,,,,,,
24/06/2025 12:56,24/06/2025 12:57,IP Address,3,39,FALSE,01/07/2025 12:57,R_2trE4ASY5vjvmj0,anonymous,EN,,I have read and understood the information provided and I agree to take part in this research project,,,,,,,,,,,,,,,,,,,,,,,,,,,,,,,,,,,,,,,,,,,,,,,,,,,,,,,,,,,,,,,
24/06/2025 13:07,24/06/2025 13:12,IP Address,40,306,FALSE,01/07/2025 13:12,R_2PUf6njptwB7YqY,anonymous,EN,,I have read and understood the information provided and I agree to take part in this research project,South East,25 to 34,Woman,,"Higher education – postgraduate level (e.g. MA, MSc, PhD) ",,"£50,000 to £100,000",< 5 ha.,Farm worker,,Cropping: Horticulture,,> 60%,No funding,,Pests:,,,,,,,,,,,,,,,,,,,,,,,,,,,,,,,,,,,,,,,,,,,,,,,
01/07/2025 13:07,01/07/2025 13:19,IP Address,100,690,TRUE,01/07/2025 13:19,R_8klcYI1pvWw9b2N,anonymous,EN,,I have read and understood the information provided and I agree to take part in this research project,North West,55 to 64,Woman,,"Higher education – undergraduate level (e.g. BA, BSc) ",,"£20,000 to £50,000",100-250 ha.,"Farm business tenancy (FBT),Family member",,Dairy,,< 10%,"Sustainable Farming Incentives (SFI),Country Stewardships (CS) ,Countryside Stewardships Higher Tier (CSHT),Capital Items,Slurry Infrastructure grant,Woodland Creation Planning Grant (WCPG)",,Flood ,,,,More than once a year ,Somewhat affected,Partly caused by climate change,,To some extent,To some extent,To some extent,To some extent,No,,,,,,3 - Agree,3 - Agree,"Yes – Individually, on my farm","River restoration,Forest reforestation or restoration,Agroforestry ,Hedgerows,Wildflower strips,Habitat creation",,5-10%,5-10%,Yes,3- Agree,2- Neither agree nor disagree,2- Neither agree nor disagree,2- Neither agree nor disagree,3- Agree,2- Neither agree nor disagree,3- Agree,,,,,,,"Soil & water quality improvements, but the cost is to the farmer & farm income",2- Neither agree nor disagree,1- Disagree,3 - Agree,1- Disagree,"Access to knowledge on implementation,Implementation costs,Maintenance costs,Skills/training,Limited time,Data availability - unclear on the benefits,Land use conflicts with food production,Policy uncertainty,Tax constraints,Planning constraints,Tenancy constraints",,Unequal contribution of resources from landscape-level partners,
24/06/2025 13:57,24/06/2025 13:58,IP Address,20,56,FALSE,01/07/2025 13:58,R_89bHyBfqq22dg7I,anonymous,EN,,I have read and understood the information provided and I agree to take part in this research project,South West,45 to 54,Man,,"Further education – college course, diploma, trade training, etc.",,"£50,000 to £100,000",,,,,,,,,,,,,,,,,,,,,,,,,,,,,,,,,,,,,,,,,,,,,,,,,,,,,,,,
24/06/2025 14:53,24/06/2025 14:53,IP Address,3,9,FALSE,01/07/2025 14:53,R_80QDzNOZhgSddaV,anonymous,EN,,I have read and understood the information provided and I agree to take part in this research project,,,,,,,,,,,,,,,,,,,,,,,,,,,,,,,,,,,,,,,,,,,,,,,,,,,,,,,,,,,,,,,
25/06/2025 01:28,25/06/2025 01:29,IP Address,20,54,FALSE,02/07/2025 01:29,R_8thSHXcaRQayht1,anonymous,EN,,I have read and understood the information provided and I agree to take part in this research project,South West,25 to 34,Man,,"Higher education – undergraduate level (e.g. BA, BSc) ",,"£20,000 to £50,000",,,,,,,,,,,,,,,,,,,,,,,,,,,,,,,,,,,,,,,,,,,,,,,,,,,,,,,,
25/06/2025 01:48,25/06/2025 01:50,IP Address,3,66,FALSE,02/07/2025 01:50,R_2pmKXaZA6c7UO9d,anonymous,EN,,I have read and understood the information provided and I agree to take part in this research project,,,,,,,,,,,,,,,,,,,,,,,,,,,,,,,,,,,,,,,,,,,,,,,,,,,,,,,,,,,,,,,
25/06/2025 02:44,25/06/2025 03:21,IP Address,3,2216,FALSE,02/07/2025 03:21,R_2afdmK6MdHyAg3j,anonymous,EN,,I have read and understood the information provided and I agree to take part in this research project,,,,,,,,,,,,,,,,,,,,,,,,,,,,,,,,,,,,,,,,,,,,,,,,,,,,,,,,,,,,,,,
25/06/2025 03:46,25/06/2025 03:49,IP Address,0,168,FALSE,02/07/2025 03:49,R_8mI9oMeS8Bw91zd,anonymous,EN,,I have read and understood the information provided and I agree to take part in this research project,,,,,,,,,,,,,,,,,,,,,,,,,,,,,,,,,,,,,,,,,,,,,,,,,,,,,,,,,,,,,,,
25/06/2025 05:18,25/06/2025 05:21,IP Address,20,155,FALSE,02/07/2025 05:21,R_8CwQL94chB8zUyA,anonymous,EN,,I have read and understood the information provided and I agree to take part in this research project,South West,55 to 64,Man,,"Higher education – undergraduate level (e.g. BA, BSc) ",,"£100,000 to £200,000",,,,,,,,,,,,,,,,,,,,,,,,,,,,,,,,,,,,,,,,,,,,,,,,,,,,,,,,
02/07/2025 05:25,02/07/2025 05:47,IP Address,100,1296,TRUE,02/07/2025 05:47,R_8AXsZY3HIEcnGUB,anonymous,EN,,I have read and understood the information provided and I agree to take part in this research project,South West,35 to 44,Woman,,"Higher education – undergraduate level (e.g. BA, BSc) ",,"£10,000 to £20,000",50 to 100 ha.,Farming landowner ,,LFA grazing livestock,,40% to 50%,"Country Stewardships (CS) ,Capital Items",,"Flood ,Drought ,Disease:","Tb in sheep, MV in sheep, Johnes. Toxo, Neighbours have OPA",,,Once in the last five years,Somewhat affected,Partly caused by climate change,"Disease has had the biggest impact on the farm and the risk of blue tongue and smallenburg (which we haven’t yet had) is hugely worrying (and costly). 
The weather events seem to happen more frequently and it is clear climate change is having an negative effect on the world- but we have always had weather issues.",To some extent,To some extent,To some extent,To some extent,"Yes (If you wish, specify which kind of community partnership)",Exmoor Hill Farm Network,2 - Neither agree nor disagree,1 - Disagree,3 - Agree,1 - Disagree,,,"Yes – Individually, on my farm","Hedgerows,Other:","Allowing rest periods for grazing. No artificial fertiliser use. Grazing/cutting appropriately grassland to let wildflowers seed
(But this is a continuation of practices for the last 20+ years), more recently changing cattle breeds so we don’t need concentrate to finish. ",Greater than 25%,Less than 1%,Yes,2- Neither agree nor disagree,3- Agree,3- Agree,2- Neither agree nor disagree,1- Disagree,1- Disagree,3- Agree,,,,,,,"Resilience/sustainable, improved soil so- increased variety of plants meaning better extreme weather tolerance,  more varied nutrients for stock and increased carbon storage, less poaching and better water quality.",1- Disagree,1- Disagree,1- Disagree,1- Disagree,"Implementation costs,Maintenance costs,Land use conflicts with food production,Policy uncertainty",,"Funding for collaborative action,Relationship with neighbours",
25/06/2025 07:31,25/06/2025 09:36,IP Address,20,7487,FALSE,02/07/2025 09:36,R_8ZGFnIkJP2OD9Lz,anonymous,EN,,I have read and understood the information provided and I agree to take part in this research project,East Midlands,35 to 44,Man,,"Higher education – postgraduate level (e.g. MA, MSc, PhD) ",,"£20,000 to £50,000",< 5 ha.,Farm worker,,Cropping: Horticulture,,10% to 20%,Country Stewardships (CS) ,,,,,,,,,,,,,,,,,,,,,,,,,,,,,,,,,,,,,,,,,,,,,,,,,
02/07/2025 16:31,02/07/2025 16:37,IP Address,100,415,TRUE,02/07/2025 16:37,R_2dRXMuClFPamZg3,anonymous,EN,,I have read and understood the information provided and I agree to take part in this research project,Scotland,45 to 54,Woman,,"Higher education – undergraduate level (e.g. BA, BSc) ",,"£50,000 to £100,000",20 to 50 ha.,Farming landowner ,,Lowland grazing livestock,,> 60%,No funding,,None,,,,,,Mainly caused by climate change,,To some extent,To some extent,Very much,Very much,No,,,,,,3 - Agree,3 - Agree,"Yes – Individually, on my farm","Forest creation,Grassland restoration,Mob grazing,Agroforestry ,Hedgerows,Habitat creation",,Greater than 25%,Greater than 25%,No,1- Disagree,3- Agree,3- Agree,2- Neither agree nor disagree,1- Disagree,3- Agree,2- Neither agree nor disagree,,,,,,,"Improved soil, increase biodiversity, habitats increased resilience against climate change, less inputs, ",2- Neither agree nor disagree,2- Neither agree nor disagree,2- Neither agree nor disagree,1- Disagree,"Access to knowledge on implementation,Implementation costs,Skills/training,Land use conflicts with food production",,"Funding for collaborative action,Relationship with neighbours",
03/07/2025 01:18,03/07/2025 01:32,IP Address,100,801,TRUE,03/07/2025 01:32,R_27nJRtyqkYl0PNn,anonymous,EN,,I have read and understood the information provided and I agree to take part in this research project,South West,55 to 64,Woman,,"Higher education – postgraduate level (e.g. MA, MSc, PhD) ",,"£20,000 to £50,000",20 to 50 ha.,Farming landowner ,,Mixed,,50% to 60%,"Sustainable Farming Incentives (SFI),Country Stewardships (CS) ",,Other:,,,Endless rain,Once every 2-3 years,Somewhat affected,Partly caused by climate change,,To some extent,To some extent,To some extent,To some extent,No,,,,,,3 - Agree,2 - Neither agree nor disagree,"Yes – Individually, on my farm","Grassland restoration,Wildflower strips,Habitat creation",,5-10%,5-10%,I don't know,2- Neither agree nor disagree,1- Disagree,2- Neither agree nor disagree,2- Neither agree nor disagree,1- Disagree,1- Disagree,2- Neither agree nor disagree,,,,,,,Increased amount of insects,1- Disagree,1- Disagree,3 - Agree,1- Disagree,"Access to knowledge on implementation,Implementation costs,Maintenance costs,Data availability - unclear on the benefits,Land use conflicts with food production,Policy uncertainty,Tax constraints,Planning constraints",,"Funding for collaborative action,Relationship with neighbours,Landscape benefits don’t benefit my farm business,Unequal contribution of resources from landscape-level partners",
03/07/2025 09:35,03/07/2025 09:45,IP Address,100,631,TRUE,03/07/2025 09:45,R_2Ecbnn6LsoBd5pF,anonymous,EN,,I have read and understood the information provided and I agree to take part in this research project,Scotland,45 to 54,Woman,,"Higher education – postgraduate level (e.g. MA, MSc, PhD) ",,"£50,000 to £100,000",100-250 ha.,Family member,,"Lowland grazing livestock,LFA grazing livestock",,> 60%,No funding,,Other:,,,We've had draughtier times and wetter times but nothing very exceptional,Once in the last five years,Somewhat affected,Partly caused by climate change,,To some extent,To some extent,To some extent,To some extent,No,,,,,,3 - Agree,3 - Agree,"Yes – Individually, on my farm","Forest creation,Grassland restoration,Mob grazing,Habitat creation",,Greater than 25%,5-10%,I don't know,2- Neither agree nor disagree,3- Agree,2- Neither agree nor disagree,3- Agree,1- Disagree,1- Disagree,3- Agree,,,,,,,Soil improving and so is water infiltration this improves the carrying capacity of the land which is particularly important for us as we outwinter all our cows. Not using industrial fertiliser means that we are costs are lower. Working in our fields is a pleasure - every piece of each field is a habitat as we grow long grass in diverse pastures. Cows are happy and healthy.,2- Neither agree nor disagree,1- Disagree,2- Neither agree nor disagree,2- Neither agree nor disagree,"Skills/training,Data availability - unclear on the benefits,Policy uncertainty,Tenancy constraints",,"Relationship with neighbours,Other:",Time/brainspace our neighbours are conventional farmers might be persuaded to landscape changes if it easy easy to implement and won't affect production. 
26/06/2025 11:59,26/06/2025 12:00,IP Address,3,20,FALSE,03/07/2025 12:00,R_3MYdNUWRrjR7rFE,anonymous,EN,,I have read and understood the information provided and I agree to take part in this research project,,,,,,,,,,,,,,,,,,,,,,,,,,,,,,,,,,,,,,,,,,,,,,,,,,,,,,,,,,,,,,,
03/07/2025 12:06,03/07/2025 12:13,IP Address,100,369,TRUE,03/07/2025 12:13,R_2ODfFfm2TTHmVMC,anonymous,EN,,I have read and understood the information provided and I agree to take part in this research project,Yorkshire and Humber,25 to 34,Woman,,"Higher education – postgraduate level (e.g. MA, MSc, PhD) ",,"£20,000 to £50,000",20 to 50 ha.,Family member,,Dairy,,< 10%,"Sustainable Farming Incentives (SFI),Country Stewardships (CS) ,Slurry Infrastructure grant,Improving Farm Productivity grant",,Drought ,,,,Once every 2-3 years,Somewhat affected,Partly caused by climate change,,No,No,Very much,Very much,No,,,,,,3 - Agree,3 - Agree,No,,,10-25%,Less than 1%,No,,,,,,,,2- Neither agree nor disagree,3- Agree,1- Disagree,3- Agree,3- Agree,3- Agree,"Benefit wildlife and ecosystem, improve soil and water quality and management, ",1- Disagree,1- Disagree,2- Neither agree nor disagree,1- Disagree,"Implementation costs,Maintenance costs,Land use conflicts with food production,Policy uncertainty",,"Funding for collaborative action,Relationship with neighbours",
03/07/2025 14:20,03/07/2025 14:33,IP Address,100,738,TRUE,03/07/2025 14:33,R_80oV6G17lw0vhpC,anonymous,EN,,I have read and understood the information provided and I agree to take part in this research project,Wales,55 to 64,Man,,Other:,,"£50,000 to £100,000",50 to 100 ha.,Family member,,LFA grazing livestock,,40% to 50%,No funding,,None,,,,,,Partly caused by climate change,,To some extent,To some extent,Very much,Very much,No,,,,,,3 - Agree,3 - Agree,"Yes – Individually, on my farm",Mob grazing,,Greater than 25%,Greater than 25%,Yes,1- Disagree,3- Agree,3- Agree,3- Agree,1- Disagree,3- Agree,3- Agree,,,,,,,Improved soil and healthier livestock,2- Neither agree nor disagree,2- Neither agree nor disagree,2- Neither agree nor disagree,2- Neither agree nor disagree,"Skills/training,Policy uncertainty",,Funding for collaborative action,
27/06/2025 03:38,27/06/2025 03:39,IP Address,20,65,FALSE,04/07/2025 03:39,R_20EzUQtgG8BgO1X,anonymous,EN,,I have read and understood the information provided and I agree to take part in this research project,North East,35 to 44,Woman,,"Higher education – postgraduate level (e.g. MA, MSc, PhD) ",,"£20,000 to £50,000",,,,,,,,,,,,,,,,,,,,,,,,,,,,,,,,,,,,,,,,,,,,,,,,,,,,,,,,
04/07/2025 03:58,04/07/2025 04:07,IP Address,100,562,TRUE,04/07/2025 04:07,R_2iz3CVDoLIGxvhV,anonymous,EN,,I have read and understood the information provided and I agree to take part in this research project,South West,55 to 64,Woman,,"Higher education – postgraduate level (e.g. MA, MSc, PhD) ",,"£50,000 to £100,000",>250 ha,Farming landowner ,,LFA grazing livestock,,40% to 50%,"Countryside Stewardships Higher Tier (CSHT),Landscape Recovery ,Farming in Protected Landscapes programme (FiPL),England Woodland Creation Offer (EWCO)",,"Wildfire,Pests:",,,,Once in the last five years,Somewhat affected,Partly caused by climate change,,To some extent,To some extent,Very much,Very much,No,,,,,,3 - Agree,2 - Neither agree nor disagree,"Yes – Individually, on my farm","River restoration,Forest reforestation or restoration,Peatland restoration,Grassland restoration,Hedgerows,Habitat creation",,Greater than 25%,10-25%,Yes,3- Agree,3- Agree,2- Neither agree nor disagree,3- Agree,1- Disagree,2- Neither agree nor disagree,3- Agree,,,,,,,"improved soil health, reduced flood risk, carbon sequestration, habitat creation or restoration",3 - Agree,1- Disagree,3 - Agree,1- Disagree,"Access to knowledge on implementation,Implementation costs,Maintenance costs,Skills/training,Limited time,Data availability - unclear on the benefits,Land use conflicts with food production,Policy uncertainty,Tax constraints,Planning constraints,Tenancy constraints",,"Funding for collaborative action,Relationship with neighbours,Landscape benefits don’t benefit my farm business,Unequal contribution of resources from landscape-level partners",
05/07/2025 05:28,05/07/2025 05:32,IP Address,100,266,TRUE,05/07/2025 05:32,R_2oCXt7nxfzaByI9,anonymous,EN,,I have read and understood the information provided and I agree to take part in this research project,Wales,35 to 44,Man,,"Higher education – undergraduate level (e.g. BA, BSc) ",,"£10,000 to £20,000",50 to 100 ha.,Family member,,"Dairy,LFA grazing livestock",,> 60%,Other:,"Glastir, Habitat Wales",Drought ,,,,Once every 2-3 years,Somewhat affected,Partly caused by climate change,,To some extent,Very much,Very much,Very much,No,,,,,,3 - Agree,2 - Neither agree nor disagree,No,,,Greater than 25%,Greater than 25%,No,,,,,,,,1- Disagree,3- Agree,3- Agree,2- Neither agree nor disagree,1- Disagree,3- Agree,"improved quality of land (soil, water, etc.), creating sustainable future for farming",2- Neither agree nor disagree,1- Disagree,2- Neither agree nor disagree,1- Disagree,"Access to knowledge on implementation,Skills/training,Data availability - unclear on the benefits,Policy uncertainty",,Funding for collaborative action,
05/07/2025 07:38,05/07/2025 07:49,IP Address,100,613,TRUE,05/07/2025 07:49,R_2cvZ7MhUAodAoPD,anonymous,EN,,I have read and understood the information provided and I agree to take part in this research project,South West,65 to 74,Man,,"Higher education – undergraduate level (e.g. BA, BSc) ",,"£10,000 to £20,000",< 5 ha.,Farming landowner ,,Other:,Donkey - keeping,> 60%,Sustainable Farming Incentives (SFI),,Other:,,,Storm Damage,Once every 2-3 years,Somewhat affected,Mainly caused by climate change,,No,No,To some extent,To some extent,No,,,,,,3 - Agree,2 - Neither agree nor disagree,No,,,Greater than 25%,Greater than 25%,I don't know,,,,,,,,1- Disagree,2- Neither agree nor disagree,3- Agree,3- Agree,2- Neither agree nor disagree,3- Agree,"Improves soil & water quality, improves environmental diversity which improves natural pest-management. Essential for long term sustainability, improves profitability by reducing input costs by more than the reduction in yield, reduces labour and machinery commitment. ",2- Neither agree nor disagree,2- Neither agree nor disagree,3 - Agree,2- Neither agree nor disagree,"Access to knowledge on implementation,Implementation costs,Data availability - unclear on the benefits,Policy uncertainty,Tax constraints,Planning constraints",,"Funding for collaborative action,Relationship with neighbours,Other:",problems of finding / joining landscape level collaboration groups
29/06/2025 09:19,29/06/2025 09:21,IP Address,3,147,FALSE,06/07/2025 09:21,R_87BZtV2XyqvgtcM,anonymous,EN,,I have read and understood the information provided and I agree to take part in this research project,,,,,,,,,,,,,,,,,,,,,,,,,,,,,,,,,,,,,,,,,,,,,,,,,,,,,,,,,,,,,,,
06/07/2025 16:38,06/07/2025 16:46,IP Address,100,475,TRUE,06/07/2025 16:46,R_8KMTxezDq6gFbgz,anonymous,EN,,I have read and understood the information provided and I agree to take part in this research project,Wales,55 to 64,Woman,,"Higher education – undergraduate level (e.g. BA, BSc) ",,"£20,000 to £50,000",>250 ha,Farming landowner ,,LFA grazing livestock,,> 60%,"Sustainable Farming Incentives (SFI),Capital Items",,"Flood ,Drought ,Disease:,Pests:",,,,Once a year,Somewhat affected,Partly caused by climate change,,To some extent,To some extent,Very much,Very much,No,,,,,,3 - Agree,3 - Agree,No,,,10-25%,Less than 1%,No,,,,,,,,3- Agree,2- Neither agree nor disagree,1- Disagree,1- Disagree,2- Neither agree nor disagree,3- Agree,Sustainability and regeneration,1- Disagree,1- Disagree,3 - Agree,2- Neither agree nor disagree,"Access to knowledge on implementation,Implementation costs,Maintenance costs,Skills/training,Limited time,Data availability - unclear on the benefits,Land use conflicts with food production,Policy uncertainty,Tax constraints,Planning constraints,Tenancy constraints",,"Funding for collaborative action,Relationship with neighbours,Landscape benefits don’t benefit my farm business,Unequal contribution of resources from landscape-level partners",
07/07/2025 09:46,07/07/2025 09:54,IP Address,100,460,TRUE,07/07/2025 09:54,R_2mpUkAbc0lOLdIh,anonymous,EN,,I have read and understood the information provided and I agree to take part in this research project,East Anglia,55 to 64,Man,,"Higher education – postgraduate level (e.g. MA, MSc, PhD) ",,"£100,000 to £200,000",50 to 100 ha.,Farming landowner ,,"Cereals,Cropping: Horticulture,Other:",Conservation,40% to 50%,"Sustainable Farming Incentives (SFI),Country Stewardships (CS) ,Capital Items,Improving Farm Productivity grant,Farming in Protected Landscapes programme (FiPL),Other:",Tree production capital grant (TPCG),Drought ,,,,Once a year,Somewhat affected,Mainly caused by climate change,,Very much,To some extent,Very much,Very much,"Yes (If you wish, specify which kind of community partnership)",Farmer Cluster,3 - Agree,2 - Neither agree nor disagree,2 - Neither agree nor disagree,1 - Disagree,,,"Yes – Individually, on my farm,Yes – In collaboration, at the landscape level","Grassland restoration,Hedgerows,Wildflower strips,Habitat creation",,5-10%,1-5%,I don't know,2- Neither agree nor disagree,2- Neither agree nor disagree,2- Neither agree nor disagree,1- Disagree,3- Agree,2- Neither agree nor disagree,3- Agree,,,,,,,Improvement in Soil / Water and Biodiversity,1- Disagree,1- Disagree,2- Neither agree nor disagree,1- Disagree,"Maintenance costs,Data availability - unclear on the benefits,Land use conflicts with food production,Policy uncertainty",,"Funding for collaborative action,Unequal contribution of resources from landscape-level partners",
07/07/2025 09:47,07/07/2025 10:05,IP Address,100,1050,TRUE,07/07/2025 10:05,R_8TpETo8qPFrS2e2,anonymous,EN,,I have read and understood the information provided and I agree to take part in this research project,South West,35 to 44,Woman,,"Higher education – postgraduate level (e.g. MA, MSc, PhD) ",,"£20,000 to £50,000",100-250 ha.,Other:,Co-owner & advisor ,"Cropping: Horticulture,Dairy",,< 10%,"Sustainable Farming Incentives (SFI),Country Stewardships (CS) ,Capital Items,Improving Farm Productivity grant,Woodland Creation Planning Grant (WCPG)",,"Flood ,Drought ,Disease:,Pests:",,,,Once a year,Somewhat affected,Mainly caused by climate change,"Obviously different events are caused by different things. Drought = climate change, pests = always, may be worsened by climate change as plants weaken in drought scenarios ",Very much,Very much,Very much,Very much,"Yes (If you wish, specify which kind of community partnership)",Supplier group ,3 - Agree,3 - Agree,3 - Agree,3 - Agree,,,"Yes – Individually, on my farm,Yes – In collaboration, at the landscape level","River restoration,Forest reforestation or restoration,Forest creation,Agroforestry ,Hedgerows,Wildflower strips,Habitat creation",,Greater than 25%,Greater than 25%,Yes,1- Disagree,3- Agree,3- Agree,3- Agree,3- Agree,2- Neither agree nor disagree,3- Agree,,,,,,,"Managing availability of water in the landscape. Mitigating the impact of extreme weather on livestock, crops and soil biology. Mitigating the impact of extreme weather on key business infrastructure such as our buildings and roads. Then sequestering carbon, creating habitat etc. ",3 - Agree,1- Disagree,3 - Agree,1- Disagree,"Access to knowledge on implementation,Implementation costs,Maintenance costs,Skills/training,Data availability - unclear on the benefits,Land use conflicts with food production,Policy uncertainty,Tax constraints,Planning constraints,Tenancy constraints,Other:",That the key message that this is about protecting future food production and key infrastructure that the supply chain depends on isn't being communicated.  ,"Funding for collaborative action,Relationship with neighbours,Unequal contribution of resources from landscape-level partners",
01/07/2025 05:09,01/07/2025 05:23,IP Address,3,837,FALSE,08/07/2025 05:23,R_8zcksgqz35F42L8,anonymous,EN,,I have read and understood the information provided and I agree to take part in this research project,,,,,,,,,,,,,,,,,,,,,,,,,,,,,,,,,,,,,,,,,,,,,,,,,,,,,,,,,,,,,,,
09/07/2025 00:02,09/07/2025 00:30,IP Address,100,1659,TRUE,09/07/2025 00:30,R_84jUzwinSbWCwu0,anonymous,EN,,I have read and understood the information provided and I agree to take part in this research project,East Anglia,65 to 74,Man,,Other:,From older farmers and self taught.,"£20,000 to £50,000",20 to 50 ha.,Farming landowner ,,"Cereals,Lowland grazing livestock,Mixed",,50% to 60%,Country Stewardships (CS) ,,"Flood ,Drought ,Pests:",,Munjac ,,Once in the last five years,Somewhat affected,Partly caused by climate change,,To some extent,To some extent,To some extent,To some extent,No,,,,,,3 - Agree,3 - Agree,"Yes – Individually, on my farm","Grassland restoration,Hedgerows,Wildflower strips,Habitat creation",,10-25%,1-5%,Yes,2- Neither agree nor disagree,2- Neither agree nor disagree,3- Agree,3- Agree,2- Neither agree nor disagree,2- Neither agree nor disagree,3- Agree,,,,,,,Sustainable future ,2- Neither agree nor disagree,3 - Agree,3 - Agree,2- Neither agree nor disagree,"Access to knowledge on implementation,Implementation costs,Policy uncertainty",,Funding for collaborative action,
02/07/2025 01:44,02/07/2025 01:46,IP Address,40,116,FALSE,09/07/2025 01:46,R_84x7sEJIpQaojUL,anonymous,EN,,I have read and understood the information provided and I agree to take part in this research project,West Midlands,35 to 44,Woman,,"Higher education – undergraduate level (e.g. BA, BSc) ",,"£50,000 to £100,000",50 to 100 ha.,Non-Farming landowner ,,"Cereals,Lowland grazing livestock",,40% to 50%,"Sustainable Farming Incentives (SFI),Country Stewardships (CS) ,Landscape Recovery ,Capital Items,Private sector - Water company",,"Flood ,Drought ,Pests:",,,,,,,,,,,,,,,,,,,,,,,,,,,,,,,,,,,,,,,,,,,,,,,
02/07/2025 09:40,02/07/2025 09:41,IP Address,20,27,FALSE,09/07/2025 09:41,R_2Xqimg0tRH6e157,anonymous,EN,,I have read and understood the information provided and I agree to take part in this research project,Wales,45 to 54,Woman,,"Higher education – postgraduate level (e.g. MA, MSc, PhD) ",,"£50,000 to £100,000",,,,,,,,,,,,,,,,,,,,,,,,,,,,,,,,,,,,,,,,,,,,,,,,,,,,,,,,
01/07/2025 06:16,02/07/2025 10:00,IP Address,20,99850,FALSE,09/07/2025 10:00,R_2qD8fzsDjjKvtMp,anonymous,EN,,I have read and understood the information provided and I agree to take part in this research project,Wales,35 to 44,Man,,"Higher education – undergraduate level (e.g. BA, BSc) ",,"£10,000 to £20,000",,,,,,,,,,,,,,,,,,,,,,,,,,,,,,,,,,,,,,,,,,,,,,,,,,,,,,,,
02/07/2025 17:40,02/07/2025 17:41,IP Address,3,35,FALSE,09/07/2025 17:41,R_1HhqaYjNN84JRIr,anonymous,EN,,I have read and understood the information provided and I agree to take part in this research project,,,,,,,,,,,,,,,,,,,,,,,,,,,,,,,,,,,,,,,,,,,,,,,,,,,,,,,,,,,,,,,
03/07/2025 02:41,03/07/2025 02:41,IP Address,3,18,FALSE,10/07/2025 02:41,R_2b1eXmhdUZpb0yZ,anonymous,EN,,I have read and understood the information provided and I agree to take part in this research project,,,,,,,,,,,,,,,,,,,,,,,,,,,,,,,,,,,,,,,,,,,,,,,,,,,,,,,,,,,,,,,
03/07/2025 05:10,03/07/2025 05:11,IP Address,20,66,FALSE,10/07/2025 05:11,R_2aHYbDAfYpwFYPL,anonymous,EN,,I have read and understood the information provided and I agree to take part in this research project,Wales,25 to 34,Man,,"Higher education – undergraduate level (e.g. BA, BSc) ",,"< £10,000",,,,,,,,,,,,,,,,,,,,,,,,,,,,,,,,,,,,,,,,,,,,,,,,,,,,,,,,
03/07/2025 03:58,03/07/2025 05:13,IP Address,3,4499,FALSE,10/07/2025 05:13,R_862wKp0nR8ju1Kg,anonymous,EN,,I have read and understood the information provided and I agree to take part in this research project,,,,,,,,,,,,,,,,,,,,,,,,,,,,,,,,,,,,,,,,,,,,,,,,,,,,,,,,,,,,,,,
03/07/2025 06:36,03/07/2025 06:41,IP Address,67,305,FALSE,10/07/2025 06:41,R_2CvKrhCzObCeoz7,anonymous,EN,,I have read and understood the information provided and I agree to take part in this research project,South East,55 to 64,Woman,,"Further education – college course, diploma, trade training, etc.",,"£50,000 to £100,000",100-250 ha.,Farming landowner ,,Mixed,,< 10%,"Country Stewardships (CS) ,Farming in Protected Landscapes programme (FiPL)",,"Drought ,Other:",,,"Waterlogged fields , extreme rain ",Once a year,Severely affected,Partly caused by climate change,,Very much,Very much,Very much,Very much,No,,,,,,2 - Neither agree nor disagree,1 - Disagree,"Yes – Individually, on my farm",,,,,,,,,,,,,,,,,,,,,,,,,,,
03/07/2025 06:55,03/07/2025 07:01,IP Address,67,336,FALSE,10/07/2025 07:01,R_8473vKSOuorZpUc,anonymous,EN,,I have read and understood the information provided and I agree to take part in this research project,Scotland,< 24,Woman,,"Higher education – undergraduate level (e.g. BA, BSc) ",,"£10,000 to £20,000",50 to 100 ha.,"Farming landowner ,Family member",,"Cereals,Specialist poultry",,10% to 20%,No funding,,"Drought ,Disease:",Avian Influenza,,,Once a year,Somewhat affected,Partly caused by climate change,,To some extent,To some extent,To some extent,To some extent,No,,,,,,3 - Agree,2 - Neither agree nor disagree,No,,,,,,,,,,,,,,,,,,,,,,,,,,,
10/07/2025 23:36,10/07/2025 23:52,IP Address,100,959,TRUE,10/07/2025 23:52,R_84pJ08ilXsjsKV5,anonymous,EN,,I have read and understood the information provided and I agree to take part in this research project,South West,35 to 44,Man,,"Further education – college course, diploma, trade training, etc.",,"£10,000 to £20,000",100-250 ha.,Farming landowner ,,LFA grazing livestock,,50% to 60%,"Sustainable Farming Incentives (SFI),Country Stewardships (CS) ,Capital Items",,None,,,,,,,,To some extent,To some extent,To some extent,To some extent,No,,,,,,2 - Neither agree nor disagree,2 - Neither agree nor disagree,No,,,5-10%,Less than 1%,No,,,,,,,,2- Neither agree nor disagree,2- Neither agree nor disagree,2- Neither agree nor disagree,1- Disagree,1- Disagree,2- Neither agree nor disagree,Premium price fir others ,2- Neither agree nor disagree,3 - Agree,2- Neither agree nor disagree,2- Neither agree nor disagree,Limited time,,No barriers at the landscape level,
11/07/2025 02:54,11/07/2025 03:09,IP Address,100,907,TRUE,11/07/2025 03:09,R_2V3Fr5feqHI6ugD,anonymous,EN,,I have read and understood the information provided and I agree to take part in this research project,South West,35 to 44,Man,,"Higher education – undergraduate level (e.g. BA, BSc) ",,"£50,000 to £100,000",50 to 100 ha.,Family member,,LFA grazing livestock,,> 60%,"Sustainable Farming Incentives (SFI),Country Stewardships (CS) ,Capital Items",,None,,,,,,Partly caused by climate change,HLS led management has caused fires on moorland to be an issue. Undergrazing has lead to excessive molinia grass - this becoming a fire risk,To some extent,To some extent,To some extent,To some extent,No,,,,,,3 - Agree,1 - Disagree,No,,,5-10%,Less than 1%,I don't know,,,,,,,,3- Agree,1- Disagree,1- Disagree,2- Neither agree nor disagree,2- Neither agree nor disagree,2- Neither agree nor disagree,Appease a green majority who are happy to import their food from anywhere that can produce it cheaply without considering that it may be at the cost of decimating the amazon rainforest ,3 - Agree,1- Disagree,1- Disagree,1- Disagree,"Policy uncertainty,Other:",The SFI being pulled along with capital grants. How can a business plan to engage with these schemes when they are off the table. ,Funding for collaborative action,
11/07/2025 03:59,11/07/2025 04:12,IP Address,100,777,TRUE,11/07/2025 04:12,R_81sm9HgWCVhFtFh,anonymous,EN,,I have read and understood the information provided and I agree to take part in this research project,South West,55 to 64,Man,,"Higher education – undergraduate level (e.g. BA, BSc) ",,"£10,000 to £20,000",20 to 50 ha.,Farming landowner ,,Other:,Upland beef and sheep,50% to 60%,Farming in Protected Landscapes programme (FiPL),,Drought ,,,,Once a year,Somewhat affected,Mainly caused by climate change,Over 99.9% of actively publishing climate scientists agree that human-caused climate change is happening and is affecting weather patterns.,To some extent,To some extent,Very much,Very much,"Yes (If you wish, specify which kind of community partnership)",farmer cluster,3 - Agree,3 - Agree,1 - Disagree,2 - Neither agree nor disagree,,,"Yes – Individually, on my farm","Mob grazing,Agroforestry ,Hedgerows,Wildflower strips,Habitat creation",,Greater than 25%,Greater than 25%,I don't know,1- Disagree,3- Agree,2- Neither agree nor disagree,3- Agree,1- Disagree,2- Neither agree nor disagree,3- Agree,,,,,,,"improved soil quality that leads to more nutrient dense products and resilience in the business 

PS question 3 is written from a very strange perspective / yield and profitability are two separate considerations - ie yield may fall but profitability increase. I wanted to leave it blank but forced to answer it before moving on",1- Disagree,1- Disagree,2- Neither agree nor disagree,1- Disagree,"Access to knowledge on implementation,Implementation costs,Skills/training,Limited time,Data availability - unclear on the benefits,Policy uncertainty,Planning constraints",,"Funding for collaborative action,Relationship with neighbours",
11/07/2025 12:39,11/07/2025 12:48,IP Address,100,512,TRUE,11/07/2025 12:48,R_2qsJ4U70t8iNxkc,anonymous,EN,,I have read and understood the information provided and I agree to take part in this research project,South West,55 to 64,Woman,,"Further education – college course, diploma, trade training, etc.",,"£10,000 to £20,000",100-250 ha.,"Farming landowner ,Farm business tenancy (FBT),Agricultural holdings tenancy (AH)",,Lowland grazing livestock,,< 10%,"Sustainable Farming Incentives (SFI),Country Stewardships (CS) ,Countryside Stewardships Higher Tier (CSHT),Capital Items",,Drought ,,,,Once in the last five years,Somewhat affected,Partly caused by climate change,,To some extent,To some extent,To some extent,To some extent,No,,,,,,2 - Neither agree nor disagree,1 - Disagree,No,,,10-25%,Less than 1%,No,,,,,,,,3- Agree,2- Neither agree nor disagree,1- Disagree,2- Neither agree nor disagree,3- Agree,2- Neither agree nor disagree,Don’t know,3 - Agree,1- Disagree,2- Neither agree nor disagree,1- Disagree,"Access to knowledge on implementation,Implementation costs,Maintenance costs,Limited time,Policy uncertainty",,Other:,Complicated idea to implement . 
04/07/2025 15:05,04/07/2025 15:05,IP Address,20,37,FALSE,11/07/2025 15:05,R_2Sc15itwrswGKGG,anonymous,EN,,I have read and understood the information provided and I agree to take part in this research project,South East,45 to 54,Woman,,"Further education – college course, diploma, trade training, etc.",,"£100,000 to £200,000",,,,,,,,,,,,,,,,,,,,,,,,,,,,,,,,,,,,,,,,,,,,,,,,,,,,,,,,
12/07/2025 23:40,12/07/2025 23:47,IP Address,100,463,TRUE,12/07/2025 23:47,R_2PFrUIYfuGHkMcp,anonymous,EN,,I have read and understood the information provided and I agree to take part in this research project,Scotland,35 to 44,Woman,,"Higher education – undergraduate level (e.g. BA, BSc) ",,"< £10,000",< 5 ha.,Farming landowner ,,Cropping: Horticulture,,> 60%,No funding,,"Drought ,Disease:,Pests:",,,,More than once a year ,Somewhat affected,Mainly caused by climate change,,To some extent,To some extent,To some extent,To some extent,No,,,,,,3 - Agree,3 - Agree,"Yes – Individually, on my farm","Forest creation,Agroforestry ,Hedgerows,Wildflower strips,Habitat creation,Other:",Permaculture good growing ,Greater than 25%,5-10%,No,1- Disagree,3- Agree,3- Agree,3- Agree,1- Disagree,3- Agree,3- Agree,,,,,,,It’s just better for everything and everyone! ,1- Disagree,1- Disagree,2- Neither agree nor disagree,1- Disagree,"Skills/training,Land use conflicts with food production,Other:",Farmers are still paid or encouraged to remove features to increase grazing for example due to farm payments. There is still a lack of encouragement and education for generational farms in my experience where I am. ,"Relationship with neighbours,Other:",Generational farmers who are stuck in their ways. 
06/07/2025 02:02,06/07/2025 02:02,IP Address,3,23,FALSE,13/07/2025 02:02,R_2CHkjb9BXjSMYN3,anonymous,EN,,I have read and understood the information provided and I agree to take part in this research project,,,,,,,,,,,,,,,,,,,,,,,,,,,,,,,,,,,,,,,,,,,,,,,,,,,,,,,,,,,,,,,
13/07/2025 02:11,13/07/2025 03:37,IP Address,100,5184,TRUE,13/07/2025 03:37,R_84tLHDTRksRgsP5,anonymous,EN,,I have read and understood the information provided and I agree to take part in this research project,South West,65 to 74,Man,,"Higher education – undergraduate level (e.g. BA, BSc) ",,"£20,000 to £50,000",20 to 50 ha.,Farming landowner ,,Lowland grazing livestock,,> 60%,"Sustainable Farming Incentives (SFI),Country Stewardships (CS) ",,"Flood ,Drought ",,,,Once a year,Not affected at all,Partly caused by climate change,,No,No,To some extent,To some extent,No,,,,,,2 - Neither agree nor disagree,1 - Disagree,"Yes – Individually, on my farm","Grassland restoration,Hedgerows",,Greater than 25%,Less than 1%,Yes,1- Disagree,1- Disagree,1- Disagree,1- Disagree,1- Disagree,1- Disagree,1- Disagree,,,,,,,Greater biodiversity ,2- Neither agree nor disagree,1- Disagree,3 - Agree,1- Disagree,"Access to knowledge on implementation,Implementation costs,Land use conflicts with food production,Policy uncertainty",,No barriers at the landscape level,
07/07/2025 02:52,07/07/2025 02:56,IP Address,67,241,FALSE,14/07/2025 02:56,R_25C8K4MTvOpBWKt,anonymous,EN,,I have read and understood the information provided and I agree to take part in this research project,South West,35 to 44,Woman,,"Higher education – undergraduate level (e.g. BA, BSc) ",,"£20,000 to £50,000",50 to 100 ha.,Family member,,LFA grazing livestock,,> 60%,"Sustainable Farming Incentives (SFI),Country Stewardships (CS) ,Capital Items",,"Drought ,Disease:","BTV, Schmallenburg",,,Once a year,Somewhat affected,Mainly caused by climate change,,Very much,Very much,Very much,Very much,No,,,,,,3 - Agree,2 - Neither agree nor disagree,No,,,,,,,,,,,,,,,,,,,,,,,,,,,
14/07/2025 10:44,14/07/2025 11:32,IP Address,100,2879,TRUE,14/07/2025 11:32,R_8jQo4aqBMH7Ho89,anonymous,EN,,I have read and understood the information provided and I agree to take part in this research project,South West,45 to 54,Man,,Other:,ACA,"£20,000 to £50,000",50 to 100 ha.,Farming landowner ,,Lowland grazing livestock,,< 10%,"Countryside Stewardships Higher Tier (CSHT),Farming in Protected Landscapes programme (FiPL)",,"Drought ,Disease:",TB,,,Once every 2-3 years,Somewhat affected,Partly caused by climate change,It’s also due to global biodiversity loss. ,To some extent,No,To some extent,No,"Yes (If you wish, specify which kind of community partnership)","Local farm facilitation cluster, and also the Pasture Fed Livestock Association",3 - Agree,1 - Disagree,3 - Agree,3 - Agree,,,"Yes – Individually, on my farm","Grassland restoration,Mob grazing,Agroforestry ,Hedgerows,Habitat creation,Other:","Owl boxes, bee homes. ",Greater than 25%,Greater than 25%,No,1- Disagree,3- Agree,3- Agree,1- Disagree,1- Disagree,1- Disagree,2- Neither agree nor disagree,,,,,,,"Resilience, both against financial and environmental factors. But as part of that, improved biodiversity, soil quality, water retention, animal welfare, quality of life",3 - Agree,1- Disagree,2- Neither agree nor disagree,2- Neither agree nor disagree,"Access to knowledge on implementation,Implementation costs,Skills/training,Limited time,Data availability - unclear on the benefits,Policy uncertainty,Other:","I think that it is still more profitable to farm in an environmentally damaging way. As well as incentivising farmers to implement nature-based solutions, the government should raise revenues by taxing environmentally damaging facets of agriculture eg red diesel, artificial fertiliser, pesticides, fungicides and herbicides. 

I also think that the agricultural colleges are not doing enough to teach agro-ecological approaches to agriculture. ","Funding for collaborative action,Other:","I think it needs really good people at a local level to make anything actually happen on the ground on a landscape level. It takes a lot of effort and persuasion, even if there is a financial carrot. Even here, within the Mendip Super Nature Reserve area, there has been nothing to incentivise farmers to farm differently, even those adjacent to reserves within the super nature reserve. 

The other point is trust in the government. Farming is a long term game, but governments and funding schemes are not. This needs to be resolved. "
14/07/2025 14:18,14/07/2025 14:36,IP Address,100,1093,TRUE,14/07/2025 14:36,R_83tLK2SSAFpEgBH,anonymous,EN,,I have read and understood the information provided and I agree to take part in this research project,North West,65 to 74,Man,,"Higher education – postgraduate level (e.g. MA, MSc, PhD) ",,"£20,000 to £50,000",>250 ha,Farm business tenancy (FBT),,"LFA grazing livestock,Other:",habitat management,30% to 40%,"Sustainable Farming Incentives (SFI),Country Stewardships (CS) ,Countryside Stewardships Higher Tier (CSHT),Farming in Protected Landscapes programme (FiPL)",,"Flood ,Drought ,Disease:,Pests:,Other:",bTB radial,grey squirrel,spread of soft rush,Once a year,Somewhat affected,Mainly caused by climate change,I am convinced by all the available evidence,To some extent,Very much,Very much,Very much,"Yes (If you wish, specify which kind of community partnership)",farmer network,3 - Agree,3 - Agree,3 - Agree,2 - Neither agree nor disagree,,,"Yes – Individually, on my farm,Yes – In collaboration, at the landscape level","Wetland restoration,Peatland restoration,Grassland restoration,Agroforestry ,Hedgerows,Other:",conservation grazing,Greater than 25%,Greater than 25%,Yes,1- Disagree,3- Agree,3- Agree,2- Neither agree nor disagree,1- Disagree,3- Agree,3- Agree,,,,,,,Delivering nature recovery which ensures continuing provision of all of the ecosystem services that all life depends on,1- Disagree,1- Disagree,2- Neither agree nor disagree,2- Neither agree nor disagree,"Access to knowledge on implementation,Skills/training,Limited time,Land use conflicts with food production,Policy uncertainty,Tenancy constraints,Other:",farmer/landowner mindsets too centred on maximising yield and productive efficiency whilst ignoring external costs that are borne by wider society,"Funding for collaborative action,Relationship with neighbours,Other:",lack of collaborative ethos amongst participants
09/07/2025 06:42,09/07/2025 06:43,IP Address,3,41,FALSE,16/07/2025 06:43,R_8t1amT0f7rEXkQx,anonymous,EN,,I have read and understood the information provided and I agree to take part in this research project,,,,,,,,,,,,,,,,,,,,,,,,,,,,,,,,,,,,,,,,,,,,,,,,,,,,,,,,,,,,,,,
16/07/2025 11:26,16/07/2025 11:43,IP Address,100,1036,TRUE,16/07/2025 11:43,R_21Xzx2md8MRj4hV,anonymous,EN,,I have read and understood the information provided and I agree to take part in this research project,Yorkshire and Humber,55 to 64,Man,,"Higher education – postgraduate level (e.g. MA, MSc, PhD) ",,"£20,000 to £50,000",100-250 ha.,Farm business tenancy (FBT),,"Dairy,LFA grazing livestock",,< 10%,"Sustainable Farming Incentives (SFI),Country Stewardships (CS) ,Farming in Protected Landscapes programme (FiPL),England Woodland Creation Offer (EWCO),Woodland Creation Planning Grant (WCPG),Other:",Environmental Stewardship Higher Level greement,Drought ,,,,Once in the last five years,Somewhat affected,Partly caused by climate change,"Increase in frequency and severity of drought caused by climate change, but drought is a natural phenomenon.",Very much,To some extent,Very much,Very much,"Yes (If you wish, specify which kind of community partnership)",Yorkshire Dales Farmer Network (General Farming networking) / Pasture Fed Livestock Association (Regenerative Farming) / Upper Nidderdale Farmers (Catchement Partnership),3 - Agree,2 - Neither agree nor disagree,3 - Agree,2 - Neither agree nor disagree,,,"Yes – Individually, on my farm","Forest reforestation or restoration,Forest creation,Wetland restoration,Peatland restoration,Grassland restoration,Habitat creation,Other:",Restoration of upland Hay Meadows and Heather Moorland/Upland Heath,Greater than 25%,1-5%,No,2- Neither agree nor disagree,3- Agree,2- Neither agree nor disagree,2- Neither agree nor disagree,2- Neither agree nor disagree,2- Neither agree nor disagree,3- Agree,,,,,,,Improved business performance. Greater resilience and sustainability. Less reliance on industrial energy. Greater habitat diversity.,2- Neither agree nor disagree,1- Disagree,2- Neither agree nor disagree,2- Neither agree nor disagree,"Access to knowledge on implementation,Implementation costs,Skills/training,Land use conflicts with food production,Policy uncertainty,Tax constraints,Planning constraints,Tenancy constraints,Other:","Ignorance and peer pressure
Insecurity
Victim culture
Resistance to change
Lack of education
Institutionalisation etc, etc, etc","Relationship with neighbours,Other:",See above
10/07/2025 04:33,10/07/2025 04:33,IP Address,20,34,FALSE,17/07/2025 04:33,R_57fHIBBTiO9ofye,anonymous,EN,,I have read and understood the information provided and I agree to take part in this research project,South West,25 to 34,Woman,,"Higher education – postgraduate level (e.g. MA, MSc, PhD) ",,"£50,000 to £100,000",,,,,,,,,,,,,,,,,,,,,,,,,,,,,,,,,,,,,,,,,,,,,,,,,,,,,,,,
10/07/2025 07:02,10/07/2025 07:02,IP Address,3,24,FALSE,17/07/2025 07:02,R_8ibn3oheK3s6aA1,anonymous,EN,,I have read and understood the information provided and I agree to take part in this research project,,,,,,,,,,,,,,,,,,,,,,,,,,,,,,,,,,,,,,,,,,,,,,,,,,,,,,,,,,,,,,,
17/07/2025 07:10,17/07/2025 07:23,IP Address,100,779,TRUE,17/07/2025 07:23,R_24NQB5W25VzTKsb,anonymous,EN,,I have read and understood the information provided and I agree to take part in this research project,South West,>75 years old,Man,,"Higher education – postgraduate level (e.g. MA, MSc, PhD) ",,"£50,000 to £100,000",100-250 ha.,Farming landowner ,,"Lowland grazing livestock,LFA grazing livestock",,> 60%,"Sustainable Farming Incentives (SFI),Country Stewardships (CS) ,Capital Items,Farming in Protected Landscapes programme (FiPL)",,None,,,,,,Partly caused by climate change,,Very much,Very much,Very much,Very much,No,,,,,,2 - Neither agree nor disagree,1 - Disagree,"Yes – Individually, on my farm","Grassland restoration,Hedgerows,Habitat creation",,Greater than 25%,Greater than 25%,Yes,2- Neither agree nor disagree,3- Agree,3- Agree,1- Disagree,2- Neither agree nor disagree,1- Disagree,2- Neither agree nor disagree,,,,,,,Regenerative farming basically concentrates on improving soil health. We farm regenerativly.,3 - Agree,2- Neither agree nor disagree,2- Neither agree nor disagree,2- Neither agree nor disagree,"Policy uncertainty,Other:",Inadequate grants for continued committment to low output solutions. Too much emphasis on lanscape scale prestigue projects rather than at farm level where the accountabilty is clear.,Other:,I have not found any difficulty in collabprating with neighnours. People want to be resonsible for their own farms and do not trust the Gov / bureaucracy imvolved in Landscape Level Schemes
17/07/2025 08:08,17/07/2025 08:23,IP Address,100,916,TRUE,17/07/2025 08:23,R_8f8N8fNEFtRhHEl,anonymous,EN,,I have read and understood the information provided and I agree to take part in this research project,South West,65 to 74,Man,,"Higher education – undergraduate level (e.g. BA, BSc) ",,"£20,000 to £50,000",100-250 ha.,Farming landowner ,,LFA grazing livestock,,< 10%,"Sustainable Farming Incentives (SFI),Countryside Stewardships Higher Tier (CSHT),Improving Farm Productivity grant,Farming in Protected Landscapes programme (FiPL)",,Disease:,haemonchus,,,Once every 2-3 years,Somewhat affected,Partly caused by climate change,,To some extent,To some extent,To some extent,To some extent,No,,,,,,2 - Neither agree nor disagree,2 - Neither agree nor disagree,"Yes – Individually, on my farm","Grassland restoration,Mob grazing,Agroforestry ,Hedgerows,Habitat creation",,Greater than 25%,10-25%,Yes,3- Agree,2- Neither agree nor disagree,2- Neither agree nor disagree,3- Agree,3- Agree,2- Neither agree nor disagree,3- Agree,,,,,,,"improved soil quality    yes
improved water quality yes
premium prices     yet to be proven
sustainable future    perhaps",1- Disagree,1- Disagree,2- Neither agree nor disagree,1- Disagree,"Implementation costs,Maintenance costs,Data availability - unclear on the benefits,Land use conflicts with food production,Policy uncertainty,Tax constraints,Planning constraints,Tenancy constraints",,Funding for collaborative action,
10/07/2025 09:04,10/07/2025 10:18,IP Address,67,4464,FALSE,17/07/2025 10:18,R_2A11fT6ueX6Tswe,anonymous,EN,,I have read and understood the information provided and I agree to take part in this research project,South West,65 to 74,Woman,,"Higher education – postgraduate level (e.g. MA, MSc, PhD) ",,"< £10,000",50 to 100 ha.,Farming landowner ,,LFA grazing livestock,,20% to 30%,"Sustainable Farming Incentives (SFI),Capital Items,Farming in Protected Landscapes programme (FiPL),Other:",Environmental Stewardship inc HLS,"Drought ,Disease:,Pests:",TB and various tick-borne diseases plus problems with haemonchus,"chafer grubs, ticks, lice, biting flies inc horseflies, rats and mice",,More than once a year ,Severely affected,Partly caused by climate change,Talking about many different events on this page. Some may be due to climate change (eg droughts and increasing ticks) but others not eg TB. Tick problems and TB year-round. Drought once or twice a year. Rather silly way to lay out a questionnaire!,To some extent,To some extent,To some extent,To some extent,No,,,,,,3 - Agree,3 - Agree,"Yes – Individually, on my farm,Yes – In collaboration, at the landscape level",,,,,,,,,,,,,,,,,,,,,,,,,,,
10/07/2025 12:29,10/07/2025 12:29,IP Address,3,13,FALSE,17/07/2025 12:29,R_2KVGlIbVJM4PVEH,anonymous,EN,,I have read and understood the information provided and I agree to take part in this research project,,,,,,,,,,,,,,,,,,,,,,,,,,,,,,,,,,,,,,,,,,,,,,,,,,,,,,,,,,,,,,,
17/07/2025 12:30,17/07/2025 12:56,IP Address,100,1601,TRUE,17/07/2025 12:56,R_2INQRaa9sLtmFd7,anonymous,EN,,I have read and understood the information provided and I agree to take part in this research project,South West,25 to 34,Man,,"Higher education – undergraduate level (e.g. BA, BSc) ",,"£20,000 to £50,000",50 to 100 ha.,"Farming landowner ,Farm business tenancy (FBT),Farm worker,Family member",,"Lowland grazing livestock,LFA grazing livestock",,> 60%,"Sustainable Farming Incentives (SFI),Country Stewardships (CS) ,Capital Items,Farming in Protected Landscapes programme (FiPL)",,Disease:,,,,More than once a year ,Somewhat affected,Mainly caused by climate change,,Very much,To some extent,To some extent,To some extent,No,,,,,,3 - Agree,3 - Agree,"Yes – Individually, on my farm,Yes – In collaboration, at the landscape level","Mob grazing,Hedgerows,Habitat creation",,Greater than 25%,10-25%,No,3- Agree,3- Agree,3- Agree,3- Agree,3- Agree,3- Agree,3- Agree,,,,,,,All of the above ,3 - Agree,1- Disagree,3 - Agree,1- Disagree,"Access to knowledge on implementation,Implementation costs,Maintenance costs,Skills/training,Limited time,Data availability - unclear on the benefits,Land use conflicts with food production,Policy uncertainty,Tax constraints,Planning constraints,Tenancy constraints,Other:",Number and type of contents and feasibility requirements are too expensive and time consuming ,"Funding for collaborative action,Relationship with neighbours,Landscape benefits don’t benefit my farm business,Unequal contribution of resources from landscape-level partners",
11/07/2025 07:31,11/07/2025 07:34,IP Address,67,227,FALSE,18/07/2025 07:34,R_82foEbvOncKCQFC,anonymous,EN,,I have read and understood the information provided and I agree to take part in this research project,South West,< 24,Woman,,"Higher education – undergraduate level (e.g. BA, BSc) ",,"< £10,000",50 to 100 ha.,Farm worker,,"Cereals,Lowland grazing livestock",,< 10%,"Sustainable Farming Incentives (SFI),Private sector - Water company",,Drought ,,,,Once every 2-3 years,Somewhat affected,Mainly caused by climate change,,Very much,Very much,Very much,Very much,No,,,,,,3 - Agree,3 - Agree,No,,,,,,,,,,,,,,,,,,,,,,,,,,,
20/07/2025 11:07,20/07/2025 11:15,IP Address,100,473,TRUE,20/07/2025 11:15,R_8Qlb4BHzzTFjZk7,anonymous,EN,,I have read and understood the information provided and I agree to take part in this research project,South West,55 to 64,Woman,,"Higher education – undergraduate level (e.g. BA, BSc) ",,"£10,000 to £20,000",50 to 100 ha.,Farming landowner ,,LFA grazing livestock,,10% to 20%,Sustainable Farming Incentives (SFI),,None,,,,,,Partly caused by climate change,,To some extent,To some extent,To some extent,To some extent,No,,,,,,3 - Agree,2 - Neither agree nor disagree,"Yes – Individually, on my farm","Grassland restoration,Hedgerows",,Greater than 25%,10-25%,Yes,2- Neither agree nor disagree,2- Neither agree nor disagree,2- Neither agree nor disagree,2- Neither agree nor disagree,2- Neither agree nor disagree,1- Disagree,2- Neither agree nor disagree,,,,,,,"Better more productive landscapes
",2- Neither agree nor disagree,2- Neither agree nor disagree,2- Neither agree nor disagree,2- Neither agree nor disagree,"Maintenance costs,Policy uncertainty",,Funding for collaborative action,
14/07/2025 10:15,14/07/2025 13:09,IP Address,3,10452,FALSE,21/07/2025 13:09,R_2rqe0VtCRgS1sHv,anonymous,EN,,I have read and understood the information provided and I agree to take part in this research project,,,,,,,,,,,,,,,,,,,,,,,,,,,,,,,,,,,,,,,,,,,,,,,,,,,,,,,,,,,,,,,
22/07/2025 16:09,22/07/2025 16:20,IP Address,100,634,TRUE,22/07/2025 16:20,R_8GRchv79idtgN0t,anonymous,EN,,I have read and understood the information provided and I agree to take part in this research project,Scotland,55 to 64,Man,,GCSE or A-levels,,"£10,000 to £20,000",100-250 ha.,Agricultural holdings tenancy (AH),,LFA grazing livestock,,< 10%,No funding,,"Flood ,Drought ,Pests:",,,,More than once a year ,Somewhat affected,Not at all caused by climate change,,To some extent,To some extent,To some extent,To some extent,No,,,,,,3 - Agree,2 - Neither agree nor disagree,"Yes – Individually, on my farm","Mob grazing,Other:",Controlled limited grazing on herb rich pastures ,1-5%,Less than 1%,Yes,2- Neither agree nor disagree,2- Neither agree nor disagree,2- Neither agree nor disagree,2- Neither agree nor disagree,2- Neither agree nor disagree,1- Disagree,2- Neither agree nor disagree,,,,,,,"Increasing biodiversity in the wider farm environment , increased benefits to soil health from livestock grazing , additional shelter for livestock ",2- Neither agree nor disagree,1- Disagree,2- Neither agree nor disagree,1- Disagree,"Access to knowledge on implementation,Implementation costs,Maintenance costs,Skills/training,Land use conflicts with food production,Policy uncertainty,Tenancy constraints",,"Funding for collaborative action,Relationship with neighbours,Unequal contribution of resources from landscape-level partners",
16/07/2025 04:48,16/07/2025 04:56,IP Address,67,488,FALSE,23/07/2025 04:56,R_8xPPmRYkgdShBho,anonymous,EN,,I have read and understood the information provided and I agree to take part in this research project,South West,65 to 74,Man,,"Higher education – postgraduate level (e.g. MA, MSc, PhD) ",,"£50,000 to £100,000",50 to 100 ha.,Farming landowner ,,"Cropping: Horticulture,Lowland grazing livestock",,< 10%,"Sustainable Farming Incentives (SFI),Countryside Stewardships Higher Tier (CSHT)",,Drought ,,,,Once in the last five years,Somewhat affected,Partly caused by climate change,,To some extent,No,To some extent,No,No,,,,,,3 - Agree,2 - Neither agree nor disagree,"Yes – Individually, on my farm",,,,,,,,,,,,,,,,,,,,,,,,,,,
17/07/2025 07:05,17/07/2025 07:09,IP Address,57,199,FALSE,24/07/2025 07:09,R_4dMLU16gnvMsrV2,anonymous,EN,,I have read and understood the information provided and I agree to take part in this research project,South West,65 to 74,Woman,,"Higher education – undergraduate level (e.g. BA, BSc) ",,"£100,000 to £200,000",50 to 100 ha.,Farming landowner ,,Lowland grazing livestock,,> 60%,Sustainable Farming Incentives (SFI),,Drought ,,,,Once every 2-3 years,Not affected at all,Not at all caused by climate change,,No,No,To some extent,To some extent,No,,,,,,,,,,,,,,,,,,,,,,,,,,,,,,,,,,,
17/07/2025 09:35,17/07/2025 09:36,IP Address,20,53,FALSE,24/07/2025 09:36,R_8n8Cr5fA6tFsIO1,anonymous,EN,,I have read and understood the information provided and I agree to take part in this research project,South West,25 to 34,Man,,"Higher education – undergraduate level (e.g. BA, BSc) ",,"£50,000 to £100,000",,,,,,,,,,,,,,,,,,,,,,,,,,,,,,,,,,,,,,,,,,,,,,,,,,,,,,,,
24/07/2025 09:45,24/07/2025 10:27,IP Address,100,2498,TRUE,24/07/2025 10:27,R_8gtAXpseNuqMJlD,anonymous,EN,,I have read and understood the information provided and I agree to take part in this research project,East Anglia,45 to 54,Man,,"Further education – college course, diploma, trade training, etc.",,"£20,000 to £50,000",100-250 ha.,Farming landowner ,,"Cereals,Lowland grazing livestock,Specialist poultry",,< 10%,"Sustainable Farming Incentives (SFI),Country Stewardships (CS) ,Farming in Protected Landscapes programme (FiPL)",,"Flood ,Drought ,Disease:,Pests:,Other:",,,Heat stress to animals. Severe Frost damage to sugarbeet,Once a year,Somewhat affected,Mainly caused by climate change,,Very much,Very much,Very much,Very much,"Yes (If you wish, specify which kind of community partnership)",Farmer Cluster group,2 - Neither agree nor disagree,1 - Disagree,3 - Agree,2 - Neither agree nor disagree,,,"Yes – Individually, on my farm","Forest reforestation or restoration,Wetland restoration,Peatland restoration,Grassland restoration,Hedgerows,Wildflower strips,Habitat creation,Other:",Reedbed management. Insect habitat. Cultivated margins. Wild bird cover and winter feeding of birds. Preserving heritage. Educational visits for schools. Ditch management/habitat improvement.  ,5-10%,1-5%,Yes,1- Disagree,3- Agree,2- Neither agree nor disagree,3- Agree,3- Agree,3- Agree,2- Neither agree nor disagree,,,,,,,Increases biodiversity. Good Public Relations. Satisfaction.. Improved water quality. Can make fields more efficient to farm.. can fix income for an area.,2- Neither agree nor disagree,1- Disagree,2- Neither agree nor disagree,2- Neither agree nor disagree,"Limited time,Land use conflicts with food production,Policy uncertainty,Tenancy constraints",,"Funding for collaborative action,Relationship with neighbours,Landscape benefits don’t benefit my farm business,Unequal contribution of resources from landscape-level partners,Other:",Farmers are very independenty minded and they often have very different business and landscape objectives to their neighbours
28/07/2025 02:11,28/07/2025 02:16,IP Address,100,296,TRUE,28/07/2025 02:16,R_2CH9d9D4PbmrLyh,anonymous,EN,,I have read and understood the information provided and I agree to take part in this research project,South West,35 to 44,Woman,,"Higher education – postgraduate level (e.g. MA, MSc, PhD) ",,"£50,000 to £100,000",50 to 100 ha.,Farming landowner ,,Cereals,,10% to 20%,"Sustainable Farming Incentives (SFI),Countryside Stewardships Higher Tier (CSHT),Landscape Recovery ,Adding Value grants,Farming in Protected Landscapes programme (FiPL),Farming Innovation Programme (FIP),Other private company",,"Flood ,Drought ,Disease:,Pests:",,,,More than once a year ,Somewhat affected,Mainly caused by climate change,,Very much,Very much,Very much,Very much,"Yes (If you wish, specify which kind of community partnership)",,3 - Agree,2 - Neither agree nor disagree,3 - Agree,3 - Agree,,,"Yes – Individually, on my farm,Yes – In collaboration, at the landscape level","Grassland restoration,Agroforestry ,Hedgerows,Wildflower strips,Habitat creation",,1-5%,1-5%,Yes,2- Neither agree nor disagree,3- Agree,3- Agree,3- Agree,3- Agree,2- Neither agree nor disagree,3- Agree,,,,,,,"Better soil, healthier farm ecosystem",2- Neither agree nor disagree,2- Neither agree nor disagree,2- Neither agree nor disagree,1- Disagree,"Access to knowledge on implementation,Implementation costs,Maintenance costs,Skills/training,Limited time,Land use conflicts with food production,Policy uncertainty,Tax constraints,Planning constraints,Tenancy constraints",,"Funding for collaborative action,Relationship with neighbours,Landscape benefits don’t benefit my farm business",
28/07/2025 03:10,28/07/2025 03:22,IP Address,100,702,TRUE,28/07/2025 03:22,R_2GIjkqMcrjBd5Mm,anonymous,EN,,I have read and understood the information provided and I agree to take part in this research project,East Anglia,45 to 54,Woman,,"Further education – college course, diploma, trade training, etc.",,"£20,000 to £50,000",100-250 ha.,Farming landowner ,,"Cereals,Cropping: Biofuels/seed oils",,< 10%,"Sustainable Farming Incentives (SFI),Capital Items",,"Flood ,Drought ",,,,More than once a year ,Somewhat affected,Mainly caused by climate change,,To some extent,To some extent,Very much,Very much,"Yes (If you wish, specify which kind of community partnership)",,3 - Agree,2 - Neither agree nor disagree,3 - Agree,2 - Neither agree nor disagree,,,"Yes – Individually, on my farm","Grassland restoration,Hedgerows,Wildflower strips,Habitat creation",,10-25%,1-5%,Yes,2- Neither agree nor disagree,3- Agree,3- Agree,3- Agree,3- Agree,3- Agree,2- Neither agree nor disagree,,,,,,,All of the above and increased resilience in soil health and biodiversity. ,3 - Agree,2- Neither agree nor disagree,3 - Agree,1- Disagree,"Access to knowledge on implementation,Implementation costs,Maintenance costs,Skills/training,Limited time,Data availability - unclear on the benefits,Land use conflicts with food production,Policy uncertainty",,Funding for collaborative action,
